gc_content,efficiency
0.3,0.0837
0.35,0.8682
0.45,0.1841
0.35,0.4321
0.2,0.1494
0.35,0.2391
0.6,0.1883
0.4,0.534
0.65,0.579
0.65,0.6126
0.5,0.0842
0.3,0.1883
0.35,0.7156
0.35,0.5812
0.5,0.3438
0.35,0.2826
0.3,0.6774
0.2,0.2468
0.3,0.5625
0.3,0.1005
0.55,0.6923
0.35,0.9755
0.6,0.4429
0.5,0.0135
0.45,0.7155
0.4,0.1981
0.4,0.1504
0.4,0.6323
0.2,0.0714
0.65,0.4773
0.65,0.5335
0.55,0.1263
0.45,0.657
0.5,0.0072
0.55,0.8366
0.55,0.8517
0.55,0.139
0.4,0.9964
0.5,0.6449
0.5,0.6902
0.5,0.9372
0.4,0.7256
0.55,0.2641
0.6,0.4054
0.5,0.2792
0.3,0.9647
0.55,0.3696
0.35,0.6299
0.4,0.5688
0.35,0.4395
0.35,0.6698
0.4,0.2385
0.35,0.2663
0.4,0.6534
0.6,0.6009
0.6,0.5065
0.5,0.6537
0.5,0.763
0.5,0.6991
0.5,0.6829
0.3,0.375
0.5,0.6129
0.6,0.5
0.55,0.2283
0.3,0.7527
0.35,0.3967
0.2,0.7597
0.35,0.5462
0.45,0.7106
0.5,0.5022
0.3,0.3125
0.35,0.3453
0.2,0.2255
0.4,0.9314
0.5,0.8019
0.5,0.8907
0.35,0.3863
0.3,0.9008
0.3,0.7595
0.45,0.2013
0.35,0.6771
0.3,0.2888
0.4,0.4585
0.45,0.6155
0.25,0.2857
0.5,0.8744
0.55,0.8615
0.55,0.8117
0.5,0.4686
0.45,0.7955
0.45,0.8561
0.5,0.0097
0.5,0.0303
0.55,0.426
0.6,0.7692
0.55,0.6857
0.5,0.8349
0.4,0.5231
0.55,0.0448
0.65,0.0541
0.35,0.5942
0.35,0.6981
0.25,0.0924
0.6,0.3864
0.6,0.3734
0.55,0.2147
0.55,0.8924
0.8,0.0544
0.65,0.1083
0.45,0.8009
0.45,0.7684
0.65,0.9329
0.6,0.3637
0.6,0.5421
0.4,0.5095
0.5,0.8573
0.45,0.078
0.4,0.1505
0.5,0.1526
0.5,0.2165
0.5,0.8303
0.7,0.5266
0.6,0.9725
0.35,0.5584
0.8,0.2134
0.55,0.2791
0.7,0.4734
0.5,0.2965
0.5,0.3268
0.3,0.0652
0.4,0.4062
0.4,0.4033
0.5,0.058
0.55,0.4989
0.55,0.7219
0.5,0.8623
0.65,0.0671
0.65,0.0639
0.45,0.871
0.45,0.447
0.3,0.2011
0.25,0.2599
0.4,0.3069
0.5,0.945
0.5,0.5874
0.6,0.9838
0.6,0.9935
0.5,0.9923
0.55,0.3408
0.5,0.2998
0.5,0.4491
0.55,0.2097
0.35,0.2197
0.4,0.1657
0.45,0.3682
0.35,0.2622
0.3,0.1495
0.65,0.5971
0.5,0.3841
0.55,0.5668
0.5,0.974
0.45,0.6886
0.65,0.0519
0.65,0.0238
0.5,0.9416
0.6,0.2421
0.7,0.5824
0.35,0.1927
0.4,0.7745
0.4,0.3247
0.5,0.5326
0.45,0.5917
0.7,0.0251
0.4,0.2947
0.6,0.558
0.55,0.1562
0.55,0.7565
0.55,0.8939
0.45,0.4891
0.65,0.6862
0.55,0.8953
0.6,0.2262
0.6,0.1926
0.5,0.9437
0.5,0.9188
0.6,0.9955
0.4,0.3329
0.6,0.961
0.6,0.9978
0.55,0.8571
0.6,0.6444
0.35,0.8831
0.6,0.5641
0.6,0.6351
0.4,0.7509
0.55,0.6695
0.45,0.5436
0.5,0.8845
0.45,0.8412
0.3,0.6875
0.5,0.447
0.5,0.4134
0.25,0.0149
0.45,0.9589
0.45,0.9675
0.4,0.9361
0.2,0.8195
0.5,0.568
0.45,0.5978
0.5,0.961
0.2,0.9321
0.3,0.2987
0.55,0.5054
0.45,0.2727
0.45,0.2457
0.35,0.6851
0.35,0.5693
0.4,0.1155
0.35,0.9511
0.5,0.4307
0.35,0.2565
0.35,0.2013
0.6,0.0032
0.6,0.0043
0.5,0.6413
0.5,0.6242
0.5,0.5247
0.45,0.9266
0.55,0.1368
0.35,0.1234
0.5,0.8176
0.55,0.2359
0.35,0.5066
0.5,0.9725
0.55,0.0987
0.65,0.0617
0.65,0.0736
0.4,0.2344
0.4,0.8231
0.5,0.5811
0.55,0.0245
0.3,0.2238
0.35,0.9386
0.35,0.9278
0.4,0.3043
0.5,0.2785
0.25,0.231
0.55,0.5505
0.55,0.7912
0.3,0.6039
0.25,0.3193
0.5,0.0303
0.5,0.0584
0.45,0.1017
0.45,0.0942
0.6,0.9638
0.4,0.2563
0.25,0.1076
0.5,0.2803
0.5,0.2792
0.25,0.2597
0.55,0.2511
0.4,0.1364
0.4,0.1277
0.5,0.7174
0.4,0.4212
0.6,0.9128
0.5,0.5229
0.35,0.9493
0.4,0.8896
0.45,0.6418
0.45,0.5768
0.7,0.5565
0.5,0.9918
0.5,0.5516
0.45,0.6198
0.5,0.8043
0.5,0.4165
0.7,0.5714
0.55,0.2923
0.6,0.8258
0.6,0.7305
0.75,0.5429
0.55,0.7253
0.4,0.478
0.6,0.6821
0.5,0.6234
0.6,0.9989
0.6,0.9989
0.4,0.0829
0.4,0.6141
0.55,0.3465
0.5,0.5596
0.45,0.2731
0.6,0.9242
0.6,0.8701
0.5,0.629
0.5,0.8961
0.5,0.8853
0.6,0.9684
0.4,0.7013
0.4,0.5812
0.35,0.9069
0.35,0.8604
0.55,0.6644
0.5,0.8734
0.5,0.9556
0.6,0.7699
0.55,0.6846
0.55,0.6245
0.55,0.6677
0.6,0.5579
0.55,0.3551
0.65,0.4848
0.7,0.0872
0.6,0.2587
0.6,0.1905
0.55,0.6879
0.6,0.7967
0.35,0.2031
0.55,0.6136
0.55,0.6212
0.7,0.3773
0.45,0.8788
0.45,0.8712
0.55,0.7511
0.5,0.6159
0.35,0.2347
0.65,0.9221
0.6,0.0296
0.3,0.9769
0.65,0.3808
0.5,0.4665
0.5,0.4004
0.55,0.728
0.6,0.87
0.5,0.5839
0.5,0.7543
0.5,0.7392
0.75,0.4838
0.75,0.4113
0.55,0.5812
0.55,0.6136
0.25,0.9171
0.55,0.8243
0.65,0.1081
0.45,0.6391
0.45,0.1569
0.45,0.1732
0.55,0.0473
0.65,0.6611
0.55,0.737
0.55,0.6721
0.45,0.3972
0.45,0.3929
0.5,0.0648
0.25,0.9711
0.45,0.7424
0.45,0.645
0.4,0.2772
0.5,0.3571
0.5,0.4145
0.45,0.5476
0.45,0.5487
0.4,0.8641
0.45,0.231
0.45,0.6883
0.45,0.6245
0.65,0.5162
0.65,0.5184
0.55,0.4928
0.6,0.8701
0.45,0.2094
0.45,0.7101
0.65,0.7363
0.75,0.6276
0.55,0.1182
0.5,0.3342
0.55,0.4632
0.6,0.6807
0.6,0.5844
0.4,0.6868
0.5,0.659
0.6,0.1172
0.5,0.8201
0.6,0.523
0.6,0.557
0.55,0.4368
0.5,0.6209
0.45,0.0538
0.55,0.2323
0.5,0.8378
0.45,0.5848
0.45,0.1299
0.3,0.3111
0.55,0.2549
0.45,0.7785
0.45,0.7403
0.6,0.833
0.55,0.6087
0.7,0.4838
0.75,0.5173
0.6,0.1515
0.6,0.145
0.55,0.6797
0.55,0.6926
0.65,0.947
0.65,0.9524
0.6,0.3013
0.55,0.284
0.7,0.1598
0.55,0.0249
0.55,0.0206
0.55,0.6147
0.8,0.0714
0.8,0.0314
0.55,0.0462
0.7,0.8828
0.8,0.4066
0.55,0.7933
0.55,0.789
0.65,0.0592
0.5,0.1658
0.55,0.7554
0.55,0.7955
0.8,0.4872
0.5,0.803
0.5,0.8777
0.45,0.6547
0.6,0.4545
0.6,0.5797
0.5,0.1697
0.55,0.7798
0.55,0.9714
0.5,0.1884
0.55,0.3463
0.55,0.6454
0.75,0.3766
0.4,0.7092
0.6,0.7619
0.6,0.6515
0.45,0.1757
0.2,0.2527
0.5,0.3491
0.65,0.5206
0.65,0.4297
0.55,0.991
0.6,0.0526
0.65,0.5676
0.4,0.8845
0.7,0.5451
0.5,0.6353
0.5,0.7716
0.5,0.1275
0.7,0.3
0.75,0.9084
0.65,0.2263
0.55,0.6216
0.45,0.6875
0.7,0.21
0.7,0.3517
0.65,0.3668
0.4,0.8658
0.4,0.8203
0.75,0.6263
0.75,0.5857
0.55,0.7908
0.55,0.2044
0.5,0.9526
0.6,0.3871
0.7,0.9963
0.65,0.5679
0.6,0.4194
0.25,0.513
0.55,0.2242
0.5,0.0109
0.5,0.3315
0.25,0.5951
0.35,0.6514
0.45,0.7027
0.5,0.9703
0.4,0.7344
0.55,0.4297
0.55,0.4361
0.55,0.6374
0.55,0.5714
0.6,0.3312
0.6,0.3788
0.6,0.5487
0.55,0.7381
0.55,0.671
0.45,0.6104
0.45,0.5877
0.65,0.6151
0.6,0.6201
0.6,0.8225
0.45,0.2154
0.45,0.3052
0.45,0.8176
0.45,0.8377
0.45,0.7749
0.7,0.5148
0.5,0.6039
0.55,0.7486
0.35,0.3452
0.35,0.4643
0.45,0.0105
0.5,0.356
0.55,0.1351
0.6,0.8117
0.6,0.8312
0.3,0.2908
0.55,0.9634
0.4,0.0598
0.35,0.7197
0.35,0.6764
0.55,0.8207
0.45,0.8159
0.55,0.8463
0.55,0.8831
0.5,0.5076
0.5,0.5346
0.5,0.1345
0.4,0.8016
0.5,0.442
0.35,0.9552
0.55,0.0312
0.75,0.5092
0.5,0.9174
0.6,0.4396
0.65,0.745
0.55,0.844
0.6,0.8681
0.45,0.1805
0.5,0.2176
0.4,0.1861
0.55,0.8073
0.5,0.8787
0.5,0.5433
0.45,0.4158
0.2,0.4035
0.4,0.9742
0.25,0.1688
0.4,0.4675
0.4,0.6071
0.5,0.9103
0.4,0.3913
0.55,0.9329
0.55,0.8918
0.45,0.7826
0.5,0.4729
0.5,0.4578
0.35,0.9242
0.35,0.5557
0.35,0.716
0.55,0.2316
0.6,0.4437
0.6,0.5292
0.4,0.9783
0.35,0.3125
0.45,0.5964
0.4,0.3141
0.4,0.3397
0.4,0.5921
0.4,0.0152
0.45,0.4224
0.4,0.6386
0.5,0.894
0.55,0.9358
0.5,0.5141
0.5,0.5303
0.4,0.5779
0.4,0.5952
0.45,0.6223
0.45,0.5758
0.55,0.5856
0.4,0.7657
0.4,0.1304
0.55,0.0422
0.55,0.092
0.5,0.6126
0.5,0.9061
0.4,0.2681
0.5,0.8757
0.45,0.9058
0.45,0.9405
0.35,0.8261
0.4,0.033
0.45,0.9892
0.4,0.8517
0.4,0.8539
0.7,0.0628
0.75,0.0549
0.55,0.355
0.45,0.1913
0.6,0.5227
0.6,0.487
0.7,0.4359
0.65,0.4429
0.6,0.7041
0.65,0.882
0.65,0.9372
0.65,0.6055
0.4,0.7064
0.45,0.5312
0.6,0.6364
0.5,0.9462
0.6,0.8284
0.55,0.7365
0.45,0.8886
0.4,0.8165
0.35,0.5325
0.5,0.962
0.6,0.7327
0.6,0.7002
0.55,0.3601
0.45,0.0823
0.45,0.1418
0.5,0.3478
0.5,0.7076
0.35,0.2152
0.55,0.7464
0.55,0.3767
0.6,0.6376
0.75,0.2738
0.75,0.3452
0.7,0.296
0.6,0.7262
0.6,0.6645
0.45,0.6472
0.45,0.6439
0.45,0.6895
0.55,0.7101
0.4,0.7857
0.35,0.2359
0.35,0.2478
0.4,0.8075
0.55,0.9316
0.5,0.7248
0.55,0.1894
0.55,0.2219
0.65,0.3724
0.4,0.426
0.6,0.3154
0.5,0.2018
0.55,0.4538
0.5,0.9935
0.5,0.9859
0.55,0.4888
0.7,0.3263
0.4,0.1807
0.45,0.7323
0.4,0.87
0.5,0.5598
0.45,0.6422
0.4,0.5245
0.4,0.2792
0.4,0.316
0.45,0.3648
0.3,0.4062
0.5,0.4688
0.35,0.9579
0.6,0.9044
0.75,0.4762
0.4,0.8696
0.3,0.0842
0.6,0.6549
0.6,0.9417
0.65,0.2594
0.6,0.0465
0.6,0.0649
0.55,0.0639
0.55,0.1039
0.65,0.7929
0.55,0.7852
0.4,0.2867
0.55,0.2789
0.4,0.6957
0.45,0.9924
0.45,0.9654
0.3,0.0179
0.5,0.8859
0.6,0.9579
0.5,0.5747
0.7,0.0967
0.5,0.9239
0.6,0.4228
0.7,0.1277
0.7,0.013
0.75,0.2608
0.75,0.2262
0.55,0.3995
0.7,0.9686
0.7,0.9903
0.8,0.7992
0.5,0.3333
0.25,0.0216
0.25,0.0379
0.5,0.462
0.5,0.2477
0.7,0.3677
0.75,0.2189
0.65,0.9066
0.65,0.8281
0.55,0.0498
0.55,0.0952
0.6,0.9231
0.6,0.8125
0.65,0.5297
0.65,0.1158
0.65,0.9697
0.65,0.9621
0.6,0.3463
0.6,0.3636
0.65,0.5089
0.75,0.3368
0.5,0.9805
0.5,0.9665
0.65,0.8456
0.55,0.8994
0.55,0.7305
0.55,0.7543
0.65,0.8027
0.45,0.9751
0.45,0.9481
0.55,0.5405
0.6,0.6984
0.6,0.2296
0.8,0.4316
0.85,0.5751
0.65,0.1284
0.7,0.0484
0.8,0.4396
0.65,0.6088
0.5,0.2197
0.5,0.2143
0.6,0.4626
0.65,0.129
0.25,0.0978
0.65,0.0043
0.65,0.0195
0.5,0.5931
0.5,0.7056
0.45,0.3033
0.45,0.7615
0.6,0.1757
0.5,0.3363
0.4,0.8766
0.55,0.8474
0.5,0.0583
0.6,0.4812
0.65,0.9219
0.55,0.2936
0.65,0.0747
0.65,0.4053
0.5,0.9633
0.35,0.2383
0.45,0.5897
0.5,0.2899
0.45,0.6101
0.4,0.5957
0.45,0.7143
0.45,0.6255
0.35,0.4253
0.5,0.4657
0.55,0.2532
0.75,0.1088
0.65,0.1813
0.55,0.9195
0.75,0.5348
0.7,0.6061
0.7,0.4307
0.5,0.0158
0.5,0.5285
0.65,0.6667
0.65,0.0484
0.55,0.9194
0.45,0.5353
0.55,0.0353
0.6,0.3991
0.6,0.0289
0.6,0.1136
0.65,0.3947
0.5,0.9973
0.45,0.2457
0.45,0.2673
0.45,0.9091
0.45,0.96
0.4,0.211
0.4,0.1558
0.6,0.8723
0.6,0.8009
0.5,0.7581
0.45,0.4481
0.45,0.3907
0.5,0.474
0.4,0.3117
0.4,0.4167
0.6,0.895
0.6,0.8864
0.65,0.6126
0.65,0.868
0.5,0.1427
0.55,0.3696
0.6,0.3628
0.6,0.9707
0.65,0.6117
0.5,0.0385
0.55,0.697
0.8,0.0293
0.65,0.6025
0.7,0.5947
0.45,0.0852
0.55,0.2649
0.9,0.0054
0.9,0.0162
0.6,0.2251
0.6,0.2316
0.75,0.4176
0.65,0.8225
0.65,0.0649
0.6,0.9262
0.65,0.2229
0.65,0.1991
0.6,0.0476
0.6,0.0703
0.6,0.2427
0.35,0.4043
0.45,0.1749
0.5,0.6606
0.5,0.329
0.6,0.3398
0.6,0.6169
0.6,0.6299
0.65,0.6562
0.5,0.7517
0.6,0.1105
0.65,0.3225
0.65,0.8817
0.4,0.7097
0.65,0.5967
0.65,0.6033
0.35,0.413
0.7,0.0444
0.7,0.1104
0.6,0.413
0.4,0.1957
0.5,0.4177
0.5,0.6602
0.55,0.3669
0.35,0.6495
0.55,0.7899
0.55,0.7662
0.55,0.7576
0.5,0.8604
0.5,0.7229
0.35,0.5639
0.65,0.3682
0.45,0.3901
0.65,0.6905
0.45,0.8927
0.4,0.618
0.4,0.6115
0.4,0.7364
0.3,0.4293
0.65,0.3787
0.65,0.7436
0.45,0.2078
0.45,0.1775
0.7,0.6699
0.7,0.6732
0.7,0.4502
0.45,0.9621
0.45,0.9686
0.4,0.6753
0.4,0.6266
0.5,0.0883
0.45,0.8424
0.45,0.5018
0.4,0.1216
0.45,0.171
0.45,0.119
0.5,0.5
0.7,0.3041
0.7,0.2857
0.6,0.8368
0.75,0.0303
0.75,0.8278
0.6,0.7337
0.75,0.5788
0.45,0.928
0.5,0.8054
0.3,0.3321
0.6,0.9913
0.6,0.9535
0.5,0.8105
0.35,0.2201
0.55,0.2089
0.55,0.2197
0.55,0.8996
0.65,0.2165
0.35,0.8539
0.35,0.7662
0.55,0.9959
0.45,0.4188
0.5,0.0281
0.7,0.0209
0.75,0.1071
0.75,0.0801
0.55,0.6402
0.6,0.8881
0.45,0.875
0.75,0.5128
0.4,0.3243
0.65,0.3149
0.65,0.2424
0.45,0.5413
0.5,0.4226
0.35,0.7792
0.5,0.553
0.7,0.5275
0.35,0.4592
0.3,0.788
0.3,0.7758
0.4,0.2922
0.4,0.3139
0.5,0.6951
0.5,0.5336
0.55,0.7033
0.45,0.3745
0.5,0.7868
0.5,0.9058
0.45,0.7078
0.55,0.6065
0.7,0.1213
0.45,0.2491
0.5,0.6318
0.65,0.3387
0.65,0.4123
0.5,0.4297
0.3,0.913
0.45,0.5041
0.45,0.9708
0.45,0.9643
0.5,0.5621
0.25,0.0779
0.3,0.2058
0.5,0.408
0.5,0.4665
0.45,0.5177
0.35,0.9286
0.25,0.5435
0.3,0.8519
0.25,0.329
0.5,0.908
0.5,0.8463
0.4,0.2646
0.25,0.1558
0.5,0.9165
0.3,0.4549
0.3,0.9603
0.25,0.9819
0.6,0.3975
0.65,0.7297
0.4,0.3777
0.5,0.9422
0.3,0.2208
0.4,0.8716
0.45,0.9331
0.3,0.7024
0.45,0.7273
0.45,0.5584
0.6,0.2035
0.6,0.2348
0.35,0.3383
0.55,0.5774
0.55,0.9242
0.45,0.0725
0.45,0.0877
0.5,0.5195
0.5,0.4751
0.45,0.7623
0.35,0.8989
0.6,0.5429
0.5,0.4621
0.55,0.8592
0.4,0.1336
0.45,0.7446
0.4,0.6304
0.65,0.0659
0.35,0.5703
0.35,0.6093
0.6,0.8485
0.6,0.7868
0.4,0.5844
0.5,0.8166
0.55,0.9865
0.55,0.3784
0.55,0.9481
0.45,0.7998
0.45,0.7879
0.55,0.0108
0.6,0.4242
0.6,0.5519
0.5,0.861
0.5,0.2511
0.5,0.2543
0.55,0.9188
0.55,0.9037
0.4,0.1101
0.55,0.2552
0.45,0.631
0.45,0.6861
0.75,0.7967
0.6,0.2275
0.4,0.4719
0.4,0.4188
0.2,0.1739
0.4,0.4874
0.35,0.1766
0.5,0.7526
0.5,0.9253
0.45,0.7437
0.4,0.1264
0.6,0.6737
0.45,0.7531
0.5,0.4165
0.45,0.6095
0.45,0.5571
0.35,0.3152
0.35,0.9062
0.55,0.2554
0.5,0.5152
0.5,0.4524
0.6,0.5503
0.5,0.4643
0.5,0.4394
0.6,0.0626
0.5,0.1775
0.5,0.1169
0.5,0.3918
0.5,0.342
0.45,0.574
0.4,0.2708
0.65,0.8536
0.4,0.3832
0.3,0.7399
0.55,0.1255
0.25,0.4552
0.45,0.9004
0.45,0.8485
0.6,0.6615
0.45,0.4481
0.5,0.0945
0.45,0.2319
0.55,0.6304
0.55,0.0676
0.4,0.3593
0.35,0.0611
0.4,0.8234
0.55,0.6946
0.5,0.2338
0.5,0.2706
0.45,0.2419
0.5,0.087
0.5,0.4361
0.6,0.4982
0.5,0.5758
0.5,0.5357
0.7,0.094
0.6,0.6802
0.65,0.3253
0.55,0.5184
0.55,0.6688
0.5,0.953
0.3,0.3827
0.45,0.5065
0.45,0.4784
0.45,0.9134
0.65,0.0487
0.65,0.0606
0.55,0.4497
0.45,0.4079
0.5,0.3211
0.35,0.5054
0.6,0.4361
0.6,0.3766
0.5,0.5053
0.6,0.3274
0.4,0.2727
0.55,0.1793
0.55,0.7391
0.45,0.2989
0.5,0.2378
0.45,0.7731
0.4,0.4878
0.5,0.0181
0.35,0.7726
0.5,0.4556
0.35,0.8296
0.3,0.1508
0.4,0.9524
0.3,0.0204
0.3,0.1841
0.4,0.6658
0.4,0.8397
0.3,0.3506
0.35,0.8594
0.15,0.5455
0.6,0.3357
0.5,0.5649
0.5,0.5157
0.35,0.1719
0.55,0.6622
0.45,0.6115
0.45,0.6342
0.6,0.1104
0.6,0.9121
0.5,0.8084
0.45,0.1883
0.45,0.0469
0.5,0.7523
0.5,0.682
0.3,0.1742
0.3,0.1591
0.3,0.9266
0.25,0.2662
0.45,0.7067
0.45,0.6396
0.35,0.5774
0.45,0.8301
0.45,0.881
0.45,0.8505
0.55,0.3225
0.55,0.461
0.3,0.2287
0.45,0.302
0.45,0.4633
0.45,0.2473
0.25,0.822
0.45,0.9535
0.45,0.947
0.4,0.7174
0.35,0.4932
0.5,0.3105
0.7,0.1099
0.6,0.432
0.3,0.322
0.3,0.4144
0.55,0.8834
0.4,0.3166
0.35,0.1364
0.5,0.3451
0.4,0.5307
0.5,0.8474
0.5,0.79
0.55,0.2364
0.55,0.9426
0.55,0.9264
0.75,0.967
0.65,0.8901
0.45,0.5199
0.4,0.1861
0.4,0.2132
0.4,0.7749
0.4,0.9729
0.5,0.3906
0.55,0.4908
0.5,0.6742
0.5,0.6851
0.7,0.3636
0.6,0.0917
0.4,0.0652
0.5,0.2065
0.6,0.6014
0.45,0.787
0.6,0.7673
0.6,0.6537
0.5,0.8193
0.5,0.7284
0.7,0.5165
0.7,0.0495
0.55,0.5253
0.5,0.1191
0.5,0.2632
0.6,0.9341
0.5,0.7742
0.35,0.0614
0.4,0.1155
0.5,0.5877
0.5,0.5043
0.4,0.1504
0.4,0.1396
0.5,0.1737
0.3,0.0628
0.45,0.8532
0.55,0.6173
0.5,0.2911
0.5,0.3615
0.4,0.7056
0.55,0.9565
0.45,0.4729
0.75,0.0711
0.7,0.3933
0.6,0.3049
0.65,0.7162
0.7,0.2819
0.45,0.8864
0.45,0.8452
0.55,0.829
0.55,0.8258
0.3,0.6834
0.35,0.9334
0.25,0.4221
0.55,0.4305
0.55,0.591
0.6,0.0053
0.45,0.9916
0.5,0.9763
0.35,0.4198
0.5,0.5846
0.5,0.1141
0.4,0.8043
0.35,0.6726
0.35,1.0
0.55,0.2944
0.55,0.2998
0.5,0.3374
0.5,0.0224
0.5,0.7826
0.45,0.4379
0.4,0.6223
0.55,0.3755
0.6,0.7354
0.5,0.7656
0.45,0.5519
0.45,0.4383
0.4,0.2338
0.55,0.9112
0.5,0.8636
0.5,0.908
0.65,0.9148
0.4,0.2924
0.55,0.2018
0.7,0.1957
0.4,0.3366
0.4,0.3387
0.6,0.569
0.4,0.909
0.45,0.1576
0.5,0.2899
0.6,0.6677
0.6,0.829
0.45,0.0217
0.55,0.858
0.7,0.8938
0.5,0.7868
0.5,0.7587
0.6,0.1667
0.5,0.7681
0.85,0.3053
0.65,0.7216
0.75,0.6094
0.7,0.2987
0.7,0.2879
0.45,0.9491
0.45,0.9167
0.65,0.205
0.65,0.7906
0.7,0.2903
0.65,0.3087
0.6,0.7813
0.55,0.4644
0.5,0.4791
0.45,0.4784
0.45,0.4729
0.65,0.697
0.65,0.6905
0.75,0.2385
0.85,0.5897
0.65,0.8243
0.65,0.0747
0.7,0.6451
0.75,0.0651
0.7,0.567
0.6,0.5823
0.75,0.1342
0.7,1.0
0.6,0.5989
0.6,0.8161
0.65,0.3556
0.55,0.8236
0.55,0.8019
0.7,0.3019
0.7,0.2662
0.45,0.6929
0.55,0.2769
0.65,0.7029
0.45,0.2948
0.45,0.3032
0.7,0.4852
0.8,0.3846
0.65,0.2564
0.65,0.2474
0.65,0.5799
0.7,0.8755
0.65,0.7368
0.65,0.5527
0.65,0.2258
0.55,0.3065
0.7,0.7473
0.5,0.409
0.65,0.5714
0.6,0.4527
0.55,0.4372
0.55,0.4838
0.55,0.1243
0.75,0.9205
0.6,0.0161
0.4,0.6576
0.7,0.2165
0.7,0.1234
0.75,0.1429
0.5,0.0912
0.55,0.0571
0.7,0.4102
0.7,0.4513
0.6,0.9487
0.55,0.7741
0.4,0.3084
0.6,0.2053
0.4,0.1481
0.55,0.625
0.6,0.7976
0.6,0.8193
0.55,0.3138
0.4,0.4805
0.4,0.5173
0.5,0.3016
0.45,0.4538
0.5,0.9567
0.5,0.9297
0.5,0.9459
0.5,0.8896
0.6,0.4319
0.75,0.1839
0.55,0.7511
0.45,0.7337
0.6,0.1454
0.6,0.2246
0.5,0.1341
0.55,0.2554
0.55,0.2576
0.45,0.6715
0.55,0.6266
0.55,0.7208
0.5,0.671
0.5,0.6234
0.4,0.5156
0.4,0.7937
0.4,0.7714
0.65,0.2597
0.65,0.2554
0.7,0.6732
0.7,0.697
0.5,0.2407
0.35,0.2274
0.5,0.9505
0.55,0.8368
0.65,0.4405
0.65,0.4686
0.7,0.556
0.6,0.251
0.65,0.711
0.55,0.663
0.7,0.7474
0.65,0.644
0.75,0.526
0.75,0.4935
0.55,0.9866
0.6,0.8421
0.55,0.7921
0.65,0.4881
0.65,0.5909
0.7,0.2597
0.85,0.1339
0.6,0.4266
0.45,0.0909
0.45,0.1006
0.5,0.6055
0.5,0.605
0.5,0.4794
0.65,0.711
0.45,0.2771
0.45,0.2987
0.65,0.3956
0.85,0.0256
0.65,0.3761
0.55,0.3409
0.55,0.2911
0.75,0.2747
0.6,0.3022
0.6,0.9414
0.7,0.1028
0.7,0.039
0.45,0.5044
0.6,0.6316
0.55,0.3831
0.55,0.9025
0.55,0.9275
0.55,0.9437
0.7,0.7692
0.55,0.3495
0.65,0.8033
0.55,0.6736
0.5,0.7824
0.55,0.5996
0.55,0.54
0.55,0.7296
0.45,0.8247
0.45,0.8818
0.55,0.8523
0.6,0.5097
0.6,0.5682
0.55,0.4728
0.5,0.2403
0.5,0.2121
0.45,0.1883
0.45,0.1407
0.4,0.9062
0.75,0.046
0.75,0.5772
0.65,0.2305
0.65,0.2435
0.85,0.1172
0.55,0.4435
0.7,0.841
0.8,0.2967
0.6,0.1126
0.6,0.1851
0.55,0.3387
0.55,0.7431
0.55,0.2792
0.65,0.119
0.85,0.2234
0.7,0.1967
0.65,0.3777
0.65,0.3333
0.7,0.1667
0.7,0.1742
0.4,0.6114
0.7,0.3883
0.5,0.7385
0.5,0.2013
0.5,0.1894
0.55,0.4946
0.55,0.4697
0.6,0.1302
0.5,0.7011
0.5,0.7962
0.6,0.1494
0.65,0.3701
0.5,0.7457
0.5,0.7175
0.55,0.3485
0.55,0.3074
0.5,0.7056
0.5,0.8084
0.65,0.0335
0.6,0.8065
0.7,0.4982
0.5,0.6864
0.5,0.921
0.5,0.8377
0.5,0.2989
0.6,0.2781
0.8,0.3516
0.6,0.1623
0.6,0.2067
0.45,0.0405
0.65,0.9134
0.65,0.8734
0.55,0.8703
0.45,0.0238
0.45,0.0119
0.45,0.6818
0.45,0.0823
0.7,0.159
0.55,0.1799
0.55,0.7541
0.55,0.3758
0.5,0.0844
0.5,0.0931
0.45,0.606
0.7,0.4383
0.7,0.3312
0.65,0.5823
0.35,0.2188
0.4,0.704
0.55,0.7725
0.5,0.6372
0.45,0.1879
0.6,0.0747
0.6,0.1136
0.45,0.053
0.45,0.0552
0.6,0.4158
0.55,0.9462
0.55,0.9033
0.65,0.4497
0.5,0.2391
0.45,0.5271
0.45,0.5584
0.65,0.6368
0.7,0.3297
0.6,0.5993
0.65,0.6082
0.65,0.5866
0.7,0.9732
0.6,0.0036
0.55,0.881
0.55,0.8442
0.55,0.2762
0.55,0.0418
0.5,0.7294
0.5,0.6623
0.6,0.8333
0.6,0.803
0.55,0.6895
0.45,0.3745
0.45,0.4675
0.6,0.7727
0.25,0.0815
0.65,0.1183
0.55,0.8312
0.55,0.8041
0.5,0.8206
0.55,0.0769
0.55,0.2466
0.5,0.1645
0.5,0.1937
0.3,0.3052
0.45,0.9158
0.55,0.4697
0.55,0.5996
0.55,0.1548
0.55,0.1515
0.5,0.5543
0.65,0.7055
0.55,0.3242
0.5,0.5858
0.7,0.1704
0.6,0.7532
0.6,0.7987
0.5,0.4783
0.45,0.461
0.4,0.8014
0.65,0.8725
0.8,0.3791
0.6,0.0355
0.7,0.9516
0.6,0.79
0.6,0.8474
0.65,0.4134
0.55,0.6797
0.5,0.5291
0.55,0.6105
0.5,0.4578
0.5,0.5076
0.45,0.6872
0.45,0.7825
0.55,0.304
0.4,0.9429
0.45,0.7
0.35,0.9495
0.55,0.7908
0.25,0.6413
0.5,0.7231
0.45,0.7468
0.45,0.7316
0.5,0.527
0.55,0.4967
0.45,0.6029
0.4,0.6429
0.35,0.0397
0.55,0.6368
0.4,0.2446
0.55,0.8398
0.55,0.7381
0.3,0.1209
0.6,0.8247
0.6,0.8095
0.75,0.7179
0.45,0.5068
0.45,0.0163
0.45,0.8533
0.65,0.9232
0.65,0.9913
0.75,0.8425
0.6,0.3128
0.6,0.289
0.7,0.9176
0.45,0.1929
0.55,0.763
0.55,0.7944
0.55,0.8579
0.6,0.9361
0.6,0.9286
0.65,0.9853
0.5,0.2609
0.75,0.4462
0.45,0.5122
0.65,0.3681
0.45,0.3669
0.45,0.3701
0.5,0.322
0.7,0.3344
0.7,0.5141
0.6,0.8188
0.5,0.1973
0.65,0.477
0.6,0.1124
0.7,0.8388
0.5,0.8438
0.6,0.5858
0.5,0.9293
0.5,0.3994
0.5,0.4903
0.7,0.0606
0.7,0.0519
0.75,0.4209
0.6,0.6192
0.7,0.2576
0.7,0.2641
0.75,0.3571
0.5,0.3571
0.6,0.9238
0.6,0.6242
0.45,0.8288
0.7,0.956
0.45,0.1733
0.65,0.8139
0.6,0.1468
0.6,0.0206
0.6,0.0465
0.65,0.7315
0.6,0.0325
0.6,0.7113
0.5,0.2079
0.5,0.556
0.65,0.8389
0.5,0.1212
0.5,0.1028
0.6,0.4438
0.4,0.0082
0.6,0.9524
0.6,0.9502
0.55,0.1926
0.55,0.2385
0.5,0.4606
0.55,0.0455
0.55,0.053
0.4,0.7176
0.6,0.2511
0.65,0.0738
0.6,0.0152
0.6,0.0996
0.6,0.1223
0.6,0.0866
0.5,0.342
0.5,0.4805
0.6,0.6764
0.6,0.5574
0.55,0.8116
0.45,0.9383
0.45,0.9242
0.6,0.4794
0.6,0.4318
0.9,0.0147
0.7,0.0092
0.65,0.3579
0.65,0.4698
0.55,0.316
0.55,0.3279
0.45,0.5883
0.65,0.9341
0.5,0.2132
0.5,0.1656
0.9,0.0769
0.6,0.3054
0.75,0.641
0.65,0.8255
0.7,0.4524
0.7,0.632
0.55,0.276
0.55,0.2619
0.8,0.6272
0.85,0.4176
0.6,0.5346
0.6,0.4567
0.7,0.5563
0.7,0.4848
0.6,0.5652
0.5,0.4286
0.5,0.381
0.65,0.8387
0.35,0.1794
0.5,0.8375
0.35,0.3812
0.4,0.4986
0.7,0.4513
0.7,0.3506
0.55,0.7769
0.5,0.4171
0.6,0.5789
0.55,0.6364
0.55,0.1449
0.6,0.0962
0.6,0.9675
0.6,0.9805
0.5,0.8098
0.75,0.8521
0.7,0.7065
0.5,0.3473
0.25,0.7165
0.25,0.7771
0.55,0.8768
0.7,0.9405
0.7,0.882
0.65,0.0805
0.65,0.1104
0.6,0.7736
0.65,0.381
0.65,0.3918
0.8,0.4615
0.6,0.9737
0.65,0.0734
0.5,0.2478
0.5,0.3106
0.65,0.0293
0.55,0.4375
0.65,0.8551
0.8,0.5455
0.8,0.6429
0.65,0.4545
0.7,0.6682
0.75,0.1286
0.85,0.6227
0.6,0.7754
0.6,0.04
0.6,0.0574
0.55,0.1522
0.5,0.878
0.7,0.6577
0.45,0.1231
0.55,0.3373
0.45,0.6137
0.55,0.5119
0.55,0.3972
0.3,0.039
0.3,0.0141
0.6,0.2424
0.6,0.2154
0.6,0.5606
0.6,0.5119
0.55,0.789
0.55,0.7262
0.6,0.1014
0.75,0.3052
0.65,0.587
0.8,0.3009
0.8,0.2695
0.6,0.7922
0.7,0.1253
0.75,0.497
0.75,0.6637
0.85,0.0476
0.55,0.474
0.55,0.5054
0.7,0.2013
0.6,0.1953
0.55,0.4892
0.55,0.4762
0.65,0.7265
0.85,0.1991
0.75,0.4113
0.75,0.3593
0.55,0.5444
0.55,0.5
0.9,0.3187
0.45,0.2432
0.65,0.2029
0.85,0.1648
0.8,0.1319
0.7,0.4966
0.8,0.8132
0.75,0.5523
0.6,0.8171
0.6,0.7965
0.6,0.4058
0.6,0.3755
0.7,0.0703
0.65,0.0403
0.8,0.4167
0.8,0.2965
0.75,0.7011
0.6,0.2464
0.7,0.0067
0.55,0.343
0.55,0.3614
0.85,0.6044
0.85,0.4201
0.75,0.7363
0.65,0.7619
0.6,0.9968
0.6,0.9924
0.8,0.6746
0.6,0.5714
0.6,0.5931
0.75,0.4604
0.65,0.3423
0.55,0.1892
0.7,0.2483
0.65,0.3084
0.65,0.3225
0.55,0.1242
0.45,0.4007
0.6,0.566
0.6,0.5703
0.7,0.0769
0.6,0.6515
0.6,0.7922
0.65,0.0201
0.6,0.3285
0.8,0.4156
0.8,0.4773
0.55,0.1101
0.55,0.2544
0.65,0.3593
0.6,0.0671
0.6,0.2569
0.65,0.4832
0.8,0.4029
0.6,0.8608
0.55,0.9253
0.55,0.8723
0.65,0.422
0.35,0.6486
0.7,0.5734
0.65,0.6894
0.65,0.6504
0.8,0.7515
0.6,0.2636
0.6,0.7814
0.75,0.6901
0.6,0.8789
0.7,0.4099
0.6,0.8974
0.75,0.0183
0.5,0.7419
0.75,0.4802
0.75,0.5067
0.75,0.4348
0.75,0.7509
0.7,0.7632
0.65,0.1604
0.65,0.8745
0.6,0.0579
0.55,0.3377
0.65,0.9463
0.65,0.5632
0.75,0.7967
0.75,0.0768
0.75,0.0152
0.75,0.5866
0.75,0.6818
0.7,0.2752
0.95,0.4286
0.75,0.3442
0.75,0.369
0.95,0.1245
0.75,0.0141
0.75,0.0433
0.7,0.7718
0.55,0.4755
0.55,0.4132
0.6,0.4351
0.6,0.4199
0.7,0.4765
0.85,0.071
0.5,0.1353
0.5,0.1526
0.5,0.8193
0.55,0.9194
0.6,0.9623
0.5,0.1483
0.5,0.2716
0.5,0.6282
0.4,0.0557
0.55,0.2045
0.55,0.2468
0.65,0.9011
0.55,0.7424
0.75,0.6187
0.5,0.0833
0.5,0.04
0.6,0.5607
0.6,0.4835
0.75,0.2674
0.6,0.0435
0.7,0.089
0.65,0.033
0.7,0.0367
0.65,0.371
0.75,0.574
0.65,0.3561
0.65,0.434
0.7,0.6407
0.7,0.8128
0.55,0.644
0.65,0.6309
0.6,0.6212
0.6,0.5444
0.45,0.0231
0.55,0.9221
0.55,0.9491
0.65,0.3609
0.5,0.7587
0.5,0.7933
0.55,0.5435
0.6,0.887
0.6,0.2489
0.55,0.4142
0.8,0.1121
0.65,0.9903
0.65,0.9784
0.7,0.589
0.65,0.7573
0.6,0.6996
0.45,0.065
0.7,0.8565
0.7,0.2435
0.7,0.2944
0.5,0.8853
0.5,0.8074
0.55,0.539
0.55,0.4946
0.6,0.6331
0.6,0.5942
0.5,0.0584
0.5,0.0173
0.5,0.6747
0.55,0.3945
0.8,0.3846
0.5,0.2088
0.4,0.2541
0.6,0.8087
0.65,0.7578
0.5,0.0801
0.5,0.0455
0.65,0.2745
0.6,0.3222
0.6,0.8939
0.6,0.3939
0.6,0.4903
0.6,0.5108
0.65,0.5561
0.5,0.1464
0.7,0.5649
0.55,0.0595
0.55,0.0887
0.75,0.0582
0.8,0.2597
0.75,0.9304
0.55,0.9097
0.65,0.3528
0.65,0.3247
0.5,0.3913
0.6,0.29
0.6,0.224
0.6,0.7219
0.6,0.7424
0.7,0.7352
0.5,0.7013
0.5,0.9307
0.5,0.9275
0.6,0.0898
0.6,0.132
0.6,0.4505
0.55,0.4295
0.4,0.0965
0.6,0.1716
0.6,0.6981
0.6,0.9004
0.5,0.7348
0.5,0.7078
0.6,0.4954
0.5,0.3496
0.5,0.3366
0.65,0.478
0.7,0.7839
0.6,0.2186
0.6,0.2251
0.5,0.2297
0.55,0.5973
0.55,0.4459
0.55,0.4156
0.5,0.878
0.55,0.6299
0.55,0.6158
0.7,0.1835
0.5,0.1444
0.55,0.6613
0.45,0.8871
0.7,0.8647
0.7,0.7781
0.55,0.0734
0.5,0.8343
0.6,0.4923
0.55,0.0877
0.55,0.0812
0.45,0.7473
0.55,0.7619
0.5,0.9053
0.55,0.3692
0.65,0.6747
0.75,0.7989
0.65,0.3333
0.55,0.4152
0.55,0.2554
0.5,0.6187
0.6,0.7534
0.75,0.9011
0.55,0.8285
0.95,0.011
0.8,0.5934
0.55,0.3766
0.55,0.3485
0.65,0.6522
0.7,0.5325
0.4,0.1753
0.5,0.9283
0.65,0.6374
0.45,0.4844
0.6,0.3842
0.6,0.368
0.7,0.2685
0.65,0.7029
0.8,0.4249
0.6,0.3514
0.75,0.6579
0.6,0.9935
0.55,0.2825
0.65,0.0895
0.8,0.8315
0.6,0.2915
0.7,0.833
0.6,0.7435
0.6,0.8247
0.6,0.567
0.6,0.287
0.75,0.359
0.75,0.6892
0.6,0.4946
0.5,0.6522
0.4,0.1726
0.55,0.1948
0.55,0.197
0.6,0.9318
0.6,0.8994
0.45,0.5271
0.5,0.0242
0.45,0.6526
0.45,0.6472
0.55,0.4978
0.55,0.4978
0.5,0.3182
0.5,0.237
0.55,0.1661
0.8,0.8095
0.8,0.4579
0.5,0.1477
0.55,0.0888
0.6,0.2962
0.6,0.9414
0.65,0.2637
0.95,0.3443
0.65,0.0946
0.95,0.1795
0.75,0.0462
0.75,0.4789
0.7,0.1769
0.7,0.1176
0.7,0.663
0.65,0.7339
0.65,0.1044
0.65,0.6978
0.8,0.0842
0.55,0.7703
0.7,0.8587
0.8,0.5421
0.7,0.3195
0.5,0.1611
0.6,0.4421
0.75,0.1893
0.9,0.1612
0.6,0.0268
0.7,0.4793
0.7,0.2895
0.7,1.0
0.65,0.1392
0.8,0.1989
0.55,0.426
0.65,0.1169
0.65,0.0963
0.65,0.0696
0.55,0.1286
0.5,0.9941
0.6,0.2857
0.55,0.7803
0.55,0.7338
0.6,0.1905
0.6,0.3919
0.75,0.3923
0.6,0.0541
0.75,0.2219
0.75,0.1797
0.6,0.1622
0.7,0.0963
0.7,0.0011
0.5,0.0679
0.5,0.2549
0.65,0.1688
0.65,0.3571
0.5,0.5303
0.65,0.4545
0.8,0.1506
0.7,0.7263
0.8,0.842
0.8,0.7478
0.8,0.022
0.75,0.2716
0.75,0.3398
0.75,0.4027
0.75,0.0901
0.8,0.9527
0.65,0.3826
0.85,0.1538
1.0,0.2051
0.75,0.0263
1.0,0.0989
0.65,0.9022
0.65,0.8297
0.55,0.7574
0.65,0.1678
0.6,0.8121
0.65,0.4895
0.6,0.6703
0.65,0.1413
0.6,0.3804
0.55,0.5385
0.7,0.4516
0.7,0.0604
0.65,0.8125
0.75,0.1053
0.7,0.5737
0.7,0.6684
0.7,0.7866
0.7,0.0216
0.6,0.1009
0.7,0.7802
0.8,0.433
0.5,0.1634
0.5,0.1548
0.8,0.3004
0.65,0.3831
0.65,0.329
0.65,0.7165
0.55,0.9799
0.55,0.6337
0.7,0.6363
0.75,0.7875
0.75,0.6842
0.55,0.8377
0.55,0.3184
0.75,0.6714
0.75,0.7582
0.6,0.4946
0.5,0.0789
0.6,0.5275
0.6,0.4802
0.65,0.7446
0.65,0.6385
0.7,0.9467
0.55,0.8166
0.5,0.1074
0.6,0.8473
0.5,0.1275
0.65,0.6816
0.55,0.4091
0.55,0.3799
0.65,0.2971
0.4,0.2175
0.4,0.1818
0.7,0.4684
0.6,0.6777
0.6,0.8747
0.6,0.9066
0.25,0.125
0.65,0.7609
0.4,0.1997
0.7,0.3254
0.5,0.7695
0.5,0.8063
0.65,0.5906
0.85,0.5207
0.5,0.8766
0.5,0.8972
0.6,0.9677
0.85,0.4212
0.55,0.6603
0.6,0.7956
0.5,0.3649
0.55,0.9595
0.5,0.6508
0.45,0.0584
0.6,0.212
0.3,0.1986
0.65,0.4579
0.65,0.2121
0.65,0.2002
0.6,0.7396
0.7,0.7988
0.75,0.3114
0.65,0.6818
0.65,0.5433
0.55,0.2652
0.55,0.2273
0.35,0.8356
0.6,0.8967
0.55,0.5952
0.55,0.5985
0.55,0.4918
0.45,0.6017
0.45,0.6353
0.45,0.9844
0.5,0.973
0.4,0.4865
0.25,0.1429
0.65,0.3074
0.65,0.3149
0.5,0.3098
0.35,0.3734
0.35,0.3528
0.25,0.6494
0.45,0.5963
0.5,0.3214
0.5,0.2933
0.6,0.795
0.55,0.9396
0.45,0.6147
0.5,0.7716
0.5,0.8182
0.45,0.7112
0.4,0.2735
0.5,0.816
0.5,0.7045
0.55,0.5813
0.45,0.0433
0.45,0.0758
0.5,0.4654
0.5,0.4632
0.5,0.5476
0.45,0.7024
0.45,0.6558
0.55,0.7316
0.55,0.8333
0.5,0.5314
0.5,0.5162
0.45,0.2403
0.55,0.9352
0.6,0.1114
0.7,0.6813
0.35,0.0992
0.55,0.0065
0.55,0.0087
0.5,0.6934
0.5,0.4571
0.45,0.4502
0.45,0.5216
0.65,0.1409
0.65,0.009
0.5,0.987
0.5,0.9838
0.55,0.3028
0.45,0.2308
0.5,0.2132
0.45,0.5162
0.5,0.3226
0.4,0.7812
0.55,0.5503
0.4,0.1821
0.6,0.7608
0.6,0.776
0.5,0.2742
0.6,0.8929
0.6,0.869
0.55,0.5145
0.55,0.5021
0.7,0.1047
0.5,0.072
0.6,0.3901
0.6,0.1613
0.6,0.1299
0.35,0.6807
0.6,0.1055
0.8,0.0623
0.6,0.7792
0.6,0.7251
0.45,0.0673
0.6,0.5312
0.5,0.0807
0.5,0.6036
0.75,0.1674
0.65,0.5034
0.5,0.6234
0.5,0.5671
0.6,0.2249
0.65,0.4081
0.5,0.7838
0.65,0.619
0.65,0.619
0.5,0.8907
0.5,0.8214
0.65,0.5397
0.55,0.5652
0.55,0.4989
0.55,0.3647
0.55,0.553
0.6,0.0978
0.6,0.1474
0.55,0.7738
0.55,0.7348
0.65,0.2273
0.65,0.21
0.45,0.7085
0.65,0.6109
0.65,0.5829
0.55,0.027
0.65,0.9307
0.4,0.8377
0.3,0.4837
0.65,0.7949
0.4,0.9351
0.4,0.9123
0.6,0.0975
0.55,0.1461
0.55,0.1439
0.65,0.1082
0.65,0.2035
0.7,0.9121
0.5,0.8919
0.4,0.6498
0.6,0.7651
0.5,0.1435
0.5,0.8804
0.45,0.6264
0.6,0.1073
0.55,0.1684
0.6,0.7747
0.75,0.5541
0.65,0.7489
0.8,0.4947
0.55,0.1007
0.6,0.0292
0.6,0.0357
0.5,0.148
0.35,0.0703
0.35,0.0411
0.5,0.6997
0.3,0.0455
0.3,0.3207
0.35,0.8917
0.45,0.9882
0.35,0.9117
0.5,0.5671
0.5,0.8696
0.35,0.055
0.65,0.3473
0.45,0.4769
0.6,0.8926
0.8,0.1614
0.65,0.1361
0.6,0.8619
0.85,0.5458
0.3,0.0938
0.55,0.5495
0.55,0.2208
0.55,0.1634
0.55,0.5258
0.55,0.3451
0.5,0.7727
0.7,0.5816
0.65,0.7576
0.65,0.7457
0.8,0.5105
0.55,0.3641
0.65,0.0211
0.6,0.0812
0.6,0.0682
0.45,0.2282
0.7,0.1926
0.7,0.184
0.55,0.1342
0.55,0.1461
0.65,0.0474
0.6,0.2678
0.7,0.4161
0.7,0.8316
0.45,0.1256
0.45,0.6407
0.75,0.1582
0.5,0.4747
0.4,0.4126
0.75,0.4351
0.55,0.4862
0.6,0.1234
0.6,0.0909
0.6,0.2543
0.6,0.1948
0.55,0.4967
0.6,0.0119
0.6,0.0108
0.65,0.2527
0.6,0.4742
0.45,0.1154
0.6,0.7758
0.6,0.5126
0.6,0.9474
0.7,0.6557
0.65,0.2953
0.55,0.4312
0.5,0.6053
0.6,0.3242
0.65,0.8442
0.65,0.855
0.9,0.1282
0.6,0.8383
0.5,0.7215
0.45,0.2754
0.45,0.9821
0.6,0.9079
0.6,0.1699
0.6,0.1537
0.55,0.5648
0.55,0.2514
0.7,0.3582
0.55,0.3788
0.55,0.3344
0.8,0.8168
0.65,0.1061
0.65,0.0833
0.7,0.9038
0.55,0.2532
0.55,0.2446
0.6,0.25
0.65,0.5088
0.55,0.5055
0.7,0.0879
0.5,0.213
0.55,0.3264
0.55,0.6426
0.5,0.8128
0.5,0.7911
0.45,0.8323
0.45,0.8788
0.55,0.645
0.6,0.3258
0.6,0.3463
0.45,0.4069
0.45,0.395
0.65,0.8548
0.55,0.8876
0.4,0.1196
0.55,0.6667
0.55,0.6797
0.55,0.4221
0.35,0.6671
0.55,0.4209
0.5,0.6758
0.55,0.3626
0.4,0.5469
0.7,0.0669
0.7,0.3538
0.5,0.6861
0.5,0.8149
0.6,0.3229
0.55,0.8885
0.55,0.9221
0.45,0.3289
0.55,0.1201
0.55,0.0498
0.45,0.0794
0.65,0.8591
0.5,0.7987
0.7,0.7326
0.6,0.7922
0.6,0.8506
0.55,0.0258
0.5,0.2343
0.65,0.0628
0.65,0.0747
0.45,0.9729
0.45,0.9459
0.55,0.1745
0.55,0.844
0.6,0.9932
0.6,0.9707
0.25,0.2188
0.25,0.5321
0.4,0.6332
0.55,0.142
0.4,0.8052
0.65,0.3347
0.45,0.8986
0.4,0.3249
0.5,0.966
0.5,0.592
0.5,0.6916
0.4,0.5357
0.4,0.3431
0.4,0.5
0.35,0.2063
0.4,0.356
0.45,0.2955
0.45,0.3009
0.55,0.5541
0.75,0.9263
0.4,0.0054
0.55,0.0574
0.55,0.0444
0.5,0.0314
0.55,0.6967
0.35,0.8791
0.5,0.9586
0.55,0.4561
0.55,0.2722
0.65,0.197
0.65,0.29
0.6,0.4765
0.65,0.8791
0.55,0.3198
0.65,0.6779
0.7,0.3158
0.55,0.3316
0.35,0.5509
0.35,0.5249
0.6,0.567
0.4,0.7652
0.4,0.7035
0.55,0.5165
0.35,0.5938
0.4,0.378
0.5,0.4296
0.5,0.1429
0.5,0.1353
0.55,0.5263
0.5,0.9158
0.35,0.5367
0.45,0.0269
0.45,0.466
0.55,0.5101
0.55,0.9102
0.55,0.9361
0.4,0.341
0.7,0.7399
0.6,0.5968
0.55,0.5541
0.55,0.5476
0.5,0.0625
0.65,0.0897
0.5,0.971
0.4,0.6802
0.5,0.4083
0.55,0.41
0.5,0.8052
0.5,0.8766
0.5,0.5281
0.5,0.6169
0.4,0.428
0.5,0.2691
0.5,0.1087
0.5,0.9839
0.6,0.731
0.6,0.1242
0.65,0.2071
0.4,0.9592
0.55,0.4638
0.4,0.1623
0.3,0.4701
0.35,0.0649
0.55,0.7892
0.55,0.4753
0.45,0.5146
0.55,0.8528
0.55,0.8528
0.5,0.2489
0.5,0.2229
0.5,0.1033
0.65,0.1594
0.5,0.6775
0.5,0.6883
0.55,0.987
0.5,0.3737
0.6,0.578
0.6,0.4715
0.5,0.0314
0.5,0.0595
0.45,0.934
0.45,0.9968
0.4,0.6209
0.55,0.315
0.6,0.6154
0.5,0.7401
0.55,0.8655
0.5,0.929
0.55,0.4264
0.55,0.421
0.5,0.8841
0.55,0.1525
0.6,0.1861
0.5,0.8859
0.4,0.8438
0.35,0.5703
0.5,0.4565
0.4,0.3213
0.4,0.2013
0.5,0.8214
0.5,0.8323
0.6,0.4567
0.55,0.3179
0.45,0.8918
0.5,0.034
0.65,0.5165
0.55,0.5974
0.55,0.5368
0.65,0.5066
0.55,0.8764
0.5,0.1299
0.5,0.1364
0.7,0.4967
0.6,0.704
0.55,0.029
0.6,0.9541
0.6,0.7597
0.6,0.8582
0.5,0.5802
0.55,0.8257
0.5,0.6385
0.5,0.5465
0.4,0.3587
0.5,0.3691
0.55,0.368
0.55,0.3961
0.55,0.7684
0.45,0.7269
0.5,0.8329
0.5,0.6558
0.5,0.7154
0.55,0.1582
0.55,0.749
0.55,0.4426
0.55,0.4892
0.55,0.8344
0.55,0.7597
0.7,0.0368
0.7,0.0563
0.5,0.5368
0.55,0.3632
0.7,0.7546
0.7,0.8053
0.6,0.852
0.6,0.3498
0.5,0.9637
0.6,0.4275
0.5,0.7772
0.7,0.0404
0.55,0.54
0.55,0.6006
0.45,0.284
0.6,0.1472
0.6,0.079
0.5,0.5455
0.55,0.5158
0.6,0.5861
0.55,0.7989
0.25,0.6406
0.55,0.2271
0.5,0.7617
0.65,0.0451
0.5,0.6462
0.4,0.6039
0.4,0.7013
0.55,0.6509
0.4,0.6883
0.5,0.1989
0.4,0.7045
0.4,0.7273
0.55,0.3003
0.55,0.5549
0.35,0.7338
0.5,0.722
0.6,0.5503
0.45,0.5732
0.4,0.5
0.55,0.8442
0.6,0.7798
0.5,0.6407
0.55,0.9032
0.4,0.3356
0.35,0.9837
0.35,0.9203
0.45,0.4116
0.6,0.4519
0.4,0.0714
0.55,0.8108
0.25,0.1588
0.55,0.3983
0.55,0.3604
0.6,0.6835
0.6,0.3044
0.65,0.0145
0.65,0.6126
0.6,0.8684
0.5,0.7857
0.5,0.7413
0.45,0.5963
0.45,0.6288
0.6,0.7175
0.6,0.7294
0.45,0.5842
0.7,0.6211
0.65,0.4526
0.45,0.6753
0.7,0.7903
0.65,0.4603
0.65,0.4751
0.65,0.5617
0.55,0.5027
0.6,0.1851
0.6,0.1764
0.6,0.3188
0.6,0.7175
0.55,0.0637
0.8,0.8906
0.65,0.0374
0.65,0.9396
0.75,0.63
0.7,0.5531
0.3,0.4156
0.8,0.293
0.5,0.2581
0.65,0.6786
0.65,0.6786
0.6,0.6789
0.6,0.4286
0.75,0.0974
0.75,0.0335
0.6,0.1129
0.75,0.389
0.75,0.4689
0.6,0.5823
0.6,0.592
0.55,0.4979
0.65,0.5934
0.75,0.7289
0.55,0.3302
0.5,0.3939
0.5,0.4286
0.55,0.4587
0.55,0.5335
0.55,0.6461
0.7,0.4348
0.45,0.6643
0.45,0.5704
0.45,0.7242
0.45,0.5
0.5,0.4924
0.5,0.579
0.45,0.0448
0.6,0.8106
0.6,0.7673
0.6,0.3859
0.6,0.9714
0.45,0.461
0.45,0.6104
0.7,0.1834
0.55,0.4308
0.65,0.9645
0.4,0.7418
0.55,0.5605
0.75,0.6569
0.75,0.6775
0.65,0.6594
0.5,0.1208
0.45,0.2337
0.35,0.2273
0.55,0.8326
0.55,0.5549
0.55,0.9747
0.6,0.6593
0.7,0.1526
0.4,0.8872
0.6,0.6905
0.6,0.711
0.65,0.3548
0.4,0.6881
0.45,0.9805
0.45,0.7935
0.7,0.303
0.7,0.3409
0.75,0.1026
0.6,0.7811
0.65,0.2663
0.65,0.9421
0.7,0.9377
0.8,0.1297
0.5,0.8777
0.5,0.6354
0.7,0.4531
0.55,0.7047
0.55,0.5779
0.5,0.0725
0.55,0.4076
0.55,0.622
0.7,0.1732
0.7,0.158
0.55,0.9394
0.55,0.9091
0.65,0.5209
0.5,0.7762
0.65,0.8506
0.65,0.9015
0.55,0.6054
0.55,0.2879
0.55,0.2024
0.5,0.3701
0.5,0.447
0.6,0.1812
0.7,0.2418
0.6,0.906
0.5,0.4801
0.6,0.5072
0.8,0.1316
0.6,0.8556
0.6,0.8799
0.6,0.9026
0.45,0.3818
0.6,0.4769
0.7,0.5887
0.7,0.6667
0.6,0.9851
0.55,0.8159
0.35,0.538
0.5,0.0985
0.5,0.1472
0.55,0.9351
0.35,0.8995
0.4,0.2609
0.55,0.471
0.65,0.7737
0.75,0.6667
0.5,0.9639
0.4,0.4556
0.4,0.3777
0.5,0.8624
0.55,0.0407
0.5,0.0788
0.6,0.4868
0.4,0.7066
0.35,0.7283
0.35,0.5204
0.25,0.0435
0.45,0.2749
0.45,0.263
0.55,0.7791
0.5,1.0
0.3,0.1223
0.45,0.9665
0.5,0.3517
0.5,0.3561
0.75,1.0
0.45,0.4
0.65,0.9664
0.35,0.2002
0.35,0.1916
0.55,0.9264
0.55,0.9578
0.65,0.1544
0.55,0.3077
0.7,0.5302
0.55,0.9686
0.45,0.0275
0.5,0.3582
0.5,0.3582
0.4,0.3247
0.35,0.4036
0.65,0.6278
0.5,0.5421
0.7,0.7248
0.55,0.7771
0.55,0.7446
0.6,0.5235
0.55,0.713
0.55,0.8899
0.65,0.4937
0.55,0.8939
0.55,0.8236
0.35,0.0312
0.5,0.2294
0.5,0.2284
0.65,0.1948
0.55,0.4351
0.6,0.3355
0.6,0.4459
0.6,0.7615
0.5,0.9123
0.5,0.9426
0.6,0.967
0.45,0.3442
0.7,0.0134
0.6,0.7615
0.65,0.3615
0.55,0.1775
0.5,0.3692
0.55,0.6627
0.4,0.3682
0.75,0.7
0.5,0.4375
0.5,0.4462
0.5,0.7121
0.45,0.434
0.45,0.4859
0.5,0.856
0.5,0.7522
0.5,0.7846
0.55,0.9275
0.5,0.8431
0.5,0.8593
0.25,0.144
0.4,0.4457
0.55,0.9103
0.45,0.5109
0.45,0.5138
0.6,0.9827
0.6,0.9589
0.5,0.4416
0.4,0.3279
0.4,0.3323
0.5,0.4128
0.45,0.6128
0.4,0.4443
0.55,0.1916
0.7,0.8132
0.6,0.1264
0.55,0.7867
0.6,0.5801
0.6,0.5498
0.5,0.9784
0.5,0.9957
0.55,0.8983
0.5,0.3052
0.5,0.3355
0.5,0.9297
0.5,0.9329
0.55,0.8777
0.55,0.8658
0.4,0.7842
0.5,0.0762
0.5,0.4545
0.5,0.75
0.65,0.841
0.6,0.0459
0.55,0.367
0.45,0.4632
0.45,0.4545
0.7,0.6483
0.7,0.618
0.7,0.263
0.7,0.2327
0.55,0.8333
0.6,0.4215
0.8,0.3663
0.55,0.0323
0.55,0.5433
0.55,0.4372
0.65,0.6697
0.45,0.8117
0.55,0.8582
0.55,0.9351
0.4,0.0639
0.65,0.0408
0.3,0.0543
0.65,0.2377
0.6,0.6879
0.45,0.3935
0.55,0.1644
0.55,0.5736
0.55,0.2619
0.55,0.2825
0.5,0.7853
0.7,0.1166
0.65,0.5238
0.65,0.526
0.6,0.565
0.5,0.4439
0.55,0.0087
0.55,0.0227
0.6,0.0346
0.6,0.1126
0.45,0.6948
0.6,0.7406
0.65,0.092
0.65,0.171
0.7,0.5596
0.55,1.0
0.55,1.0
0.55,1.0
0.55,1.0
0.55,1.0
0.55,1.0
0.55,1.0
0.55,1.0
0.55,0.803
0.6,0.9502
0.6,0.9048
0.6,0.716
0.75,0.4362
0.8,0.9368
0.7,0.5135
0.8,0.5201
0.6,0.9458
0.55,0.2568
0.55,0.7444
0.65,0.9632
0.65,0.9145
0.75,0.4703
0.65,0.2426
0.55,0.269
0.6,0.8636
0.5,0.4329
0.5,0.4242
0.55,0.3473
0.65,0.0379
0.65,0.0216
0.7,0.4564
0.7,0.4189
0.65,0.8402
0.55,0.8658
0.6,0.0281
0.6,0.0032
0.65,0.1407
0.65,0.1725
0.7,0.6935
0.45,0.3234
0.8,0.5311
0.45,0.9163
0.7,0.8188
0.5,0.0649
0.5,0.0076
0.55,0.9895
0.6,0.9211
0.5,0.8736
0.5,0.5316
0.6,0.0336
0.6,0.8339
0.65,0.8874
0.35,0.6377
0.6,0.0237
0.6,0.2648
0.55,0.9665
0.55,0.9946
0.35,0.0774
0.45,0.4959
0.8,0.8022
0.5,0.7713
0.65,0.9947
0.6,0.2038
0.5,0.572
0.65,0.5705
0.7,0.5974
0.65,0.355
0.65,0.2955
0.75,0.4524
0.55,0.2846
0.55,0.2749
0.65,0.6923
0.55,0.0362
0.65,0.8475
0.7,0.7987
0.7,0.7835
0.6,0.3
0.5,0.7495
0.65,0.5018
0.55,0.3728
0.25,0.1905
0.25,0.1266
0.4,0.5978
0.7,0.9456
0.75,0.6568
0.55,0.2101
0.6,0.3506
0.6,0.3171
0.85,0.0227
0.85,0.0271
0.85,0.0806
0.7,0.1812
0.55,0.1331
0.55,0.1494
0.65,0.9688
0.85,0.2784
0.7,0.6789
0.75,0.989
0.85,0.1916
0.85,0.118
0.75,0.9927
0.9,0.1978
0.75,0.2886
0.7,0.9481
0.65,1.0
0.55,0.7527
0.5,0.8832
0.55,0.8626
0.55,0.8636
0.6,0.2218
0.6,0.1255
0.6,0.1071
0.55,0.8274
0.85,0.5604
0.6,0.2158
0.85,0.2637
0.85,0.4816
0.85,0.4275
0.7,0.8864
0.65,0.7079
0.6,0.4091
0.7,0.8319
0.75,0.7403
0.75,0.7327
0.6,0.184
0.6,0.1645
0.65,0.0737
0.8,0.9394
0.85,0.0059
0.65,0.2835
0.65,0.3236
0.5,0.6549
0.5,0.0942
0.5,0.0628
0.55,0.3849
0.6,0.5747
0.6,0.7143
0.6,0.4286
0.65,0.4199
0.6,0.6861
0.6,0.3071
0.55,0.6046
0.6,0.769
0.6,0.1376
0.55,0.4632
0.8,0.3407
0.8,0.4432
0.6,0.6364
0.6,0.6331
0.8,0.326
0.6,0.59
0.45,0.0325
0.5,0.2143
0.55,0.6
0.6,0.4459
0.75,0.7158
0.55,0.7649
0.6,0.7133
0.7,0.1685
0.7,0.868
0.7,0.7803
0.65,0.1947
0.55,0.066
0.55,0.0422
0.65,0.318
0.75,0.4263
0.8,0.5568
0.7,0.2327
0.7,0.2413
0.9,0.044
0.7,0.9704
0.65,0.6593
0.75,0.1941
0.65,0.4142
0.65,0.5584
0.65,0.5227
0.65,0.8755
0.65,0.8885
0.65,0.0076
0.65,0.0325
1.0,0.0073
0.75,0.9053
0.65,0.2416
0.7,0.0806
0.75,0.7211
0.85,0.8645
0.75,0.5105
0.85,0.1842
0.9,0.37
0.6,0.2568
0.55,0.3154
0.5,0.9794
0.5,0.9751
0.6,0.9692
0.55,0.8387
0.55,0.7619
0.45,0.1818
0.45,0.1602
0.65,0.1538
0.5,0.75
0.5,0.7435
0.45,0.769
0.7,0.8158
0.7,0.0335
0.7,0.0823
0.65,0.5866
0.45,0.7208
0.6,0.2242
0.6,0.8095
0.6,0.7641
0.55,0.4026
0.55,0.3853
0.5,0.6504
0.5,0.7532
0.5,0.6234
0.7,0.0045
0.6,0.5046
0.7,0.0359
0.55,0.2422
0.5,0.4418
0.55,0.4579
0.6,0.9253
0.75,0.787
0.65,0.9011
0.75,0.3305
0.6,0.5526
0.85,0.2308
0.6,0.4542
0.45,0.039
0.65,0.8747
0.7,0.7766
0.85,0.1421
0.5,0.0717
0.45,0.7208
0.55,0.6835
0.55,0.7316
0.5,0.4221
0.6,0.8452
0.45,0.8639
0.55,0.685
0.6,0.9448
0.6,0.9232
0.65,0.942
0.6,0.913
0.75,0.4589
0.75,0.6277
0.7,0.652
0.6,0.3919
0.65,0.0173
0.65,0.0617
0.75,0.3486
0.6,0.289
0.6,0.2532
0.8,0.0143
0.7,0.079
0.7,0.1093
0.65,0.1039
0.65,0.0487
0.65,0.5695
0.6,0.4058
0.65,0.7329
0.6,0.789
0.7,0.5938
0.6,0.2294
0.55,0.6972
0.6,0.3587
0.6,0.8478
0.65,0.5439
0.5,0.105
0.5,0.1061
0.65,0.178
0.65,0.8828
0.7,0.2737
0.5,0.9037
0.5,0.8799
0.7,0.0011
0.7,0.0292
0.65,0.0795
0.7,0.4842
0.65,0.5161
0.55,0.8669
0.55,0.8355
0.55,0.6623
0.65,0.1452
0.55,0.1046
0.6,0.1721
0.6,0.2078
0.55,0.7911
0.55,0.8106
0.6,0.5368
0.6,0.4654
0.65,0.8698
0.5,0.8406
0.65,0.0632
0.7,0.255
0.7,0.8352
0.55,0.7973
0.5,0.6957
0.35,0.6916
0.4,0.3281
0.4,0.526
0.7,0.3221
0.6,0.5806
0.5,0.5682
0.5,0.5552
0.45,0.696
0.55,0.9719
0.55,0.9697
0.55,0.8033
0.7,0.7284
0.7,0.4827
0.65,0.7803
0.55,0.087
0.5,0.9189
0.55,0.2826
0.35,0.9905
0.65,0.8561
0.65,0.7727
0.6,0.0586
0.5,0.6005
0.5,0.7668
0.6,0.2015
0.65,0.381
0.6,0.5625
0.5,0.9206
0.6,0.9958
0.5,0.4675
0.35,0.6889
0.45,0.9221
0.35,0.9013
0.55,0.6593
0.25,0.3108
0.6,0.9199
0.4,0.539
0.6,0.3895
0.35,0.1332
0.55,0.9389
0.75,0.2108
0.5,0.8211
0.6,0.2418
0.45,0.3377
0.5,0.3886
0.5,0.9978
0.5,0.9567
0.5,0.3574
0.7,0.2648
0.5,0.0014
0.5,0.7919
0.4,0.9641
0.55,0.3297
0.75,0.2868
0.75,0.276
0.35,0.0897
0.45,0.6904
0.5,0.7581
0.45,0.2579
0.55,0.8723
0.6,0.2013
0.55,0.7812
0.65,0.1077
0.65,0.6187
0.75,0.5788
0.6,0.0666
0.5,0.2413
0.5,0.211
0.45,0.9674
0.65,0.8913
0.7,0.6592
0.8,0.0162
0.8,0.0065
0.75,0.1242
0.65,0.4015
0.65,0.3723
0.6,0.511
0.7,0.4725
0.65,0.6067
0.65,0.4935
0.65,0.4416
0.65,0.2106
0.65,0.698
0.4,0.7636
0.6,0.1088
0.65,0.5323
0.8,0.1537
0.8,0.1786
0.5,0.1736
0.55,0.3712
0.55,0.408
0.6,0.9462
0.7,0.9846
0.65,0.3626
0.65,0.3128
0.4,0.2202
0.6,0.4297
0.55,0.4664
0.65,0.3632
0.65,0.9596
0.7,0.4549
0.65,0.9015
0.65,0.8647
0.6,0.2601
0.55,0.4004
0.55,0.3442
0.75,0.4659
0.65,0.8496
0.65,0.7706
0.65,0.7114
0.55,0.3907
0.55,0.4069
0.7,0.1006
0.7,0.0898
0.65,0.3223
0.7,0.1374
0.7,0.1483
0.4,0.1399
0.6,0.9048
0.4,0.1829
0.4,0.1288
0.55,0.2704
0.7,0.553
0.7,0.5887
0.6,0.5996
0.45,0.9177
0.45,0.8842
0.6,0.5044
0.5,0.4497
0.55,0.7078
0.55,0.816
0.55,0.917
0.55,0.3736
0.5,0.288
0.5,0.4805
0.5,0.7413
0.5,0.7738
0.6,0.633
0.5,0.7052
0.75,0.8121
0.6,0.2752
0.35,0.2166
0.7,0.1879
0.55,0.0184
0.55,0.0368
0.4,0.2133
0.6,0.7895
0.5,0.4275
0.5,0.4502
0.6,0.5725
0.55,0.6937
0.55,0.7403
0.65,0.3768
0.65,0.1984
0.55,0.1928
0.5,0.1318
0.6,0.2052
0.5,0.7459
0.75,0.3096
0.65,0.8954
0.8,0.348
0.45,0.7879
0.45,0.8615
0.6,0.7273
0.6,0.5974
0.7,0.3106
0.7,0.3095
0.6,0.5195
0.5,0.2894
0.65,0.9874
0.6,0.5693
0.6,0.7359
0.65,0.7071
0.65,0.1209
0.75,0.9789
0.85,0.0403
0.55,0.7132
0.55,0.7857
0.65,0.9167
0.65,0.9177
0.7,0.2617
0.65,0.2297
0.65,0.8355
0.65,0.8409
0.6,0.5507
0.5,0.4022
0.8,0.1319
0.6,0.1774
0.7,0.4848
0.7,0.5281
0.55,0.7147
0.65,0.2637
0.65,0.9817
0.5,1.0
0.65,0.5314
0.7,0.5919
0.75,0.3526
0.5,0.678
0.55,0.6291
0.65,0.6913
0.7,0.6959
0.7,0.6807
0.5,0.5394
0.55,0.111
0.7,0.4134
0.7,0.566
0.7,0.3139
0.7,0.0659
0.9,0.5895
0.6,0.4652
0.7,0.0377
0.75,0.5231
0.8,0.7278
0.55,0.7228
0.8,0.3077
0.7,0.2894
0.7,0.8121
0.65,0.8961
0.75,0.0493
0.6,0.113
0.75,0.6947
0.5,0.3119
0.85,0.1502
0.65,0.8088
0.45,0.13
0.55,0.148
0.5,0.6679
0.65,0.8991
0.85,0.3077
0.7,0.6081
0.55,0.0264
0.7,0.0916
0.75,0.2381
0.7,0.3623
0.75,0.4474
0.9,0.1355
0.8,0.0366
0.75,0.5714
0.65,0.3896
0.65,0.4816
0.7,0.2887
0.75,0.8
0.85,0.4139
0.75,0.1582
0.55,0.5033
0.75,0.889
0.65,0.7681
0.5,0.3011
0.3,0.1227
0.7,0.6421
0.5,0.213
0.6,0.7208
0.6,0.7522
0.55,0.4322
0.55,0.375
0.5,0.954
0.65,0.5108
0.65,0.4437
0.5,0.6461
0.5,0.5898
0.75,0.9822
0.8,0.5272
0.45,0.0421
0.9,0.1832
0.65,0.4253
0.65,0.355
0.65,0.171
0.55,0.4402
0.8,0.2099
0.5,0.0122
0.55,0.7197
0.8,0.4631
0.65,0.4407
0.65,0.5649
0.65,0.4621
0.65,1.0
0.7,0.1786
0.7,0.1613
0.65,0.0645
0.65,0.3432
0.6,0.4185
0.45,0.1562
0.65,0.4037
0.65,0.3896
0.6,0.4511
0.4,0.1236
0.5,0.9113
0.5,0.934
0.6,0.2695
0.6,0.2922
0.65,0.7038
0.5,0.7717
0.5,0.0686
0.5,0.2228
0.55,0.5844
0.6,0.9833
0.4,0.1386
0.5,0.2294
0.55,0.645
0.55,0.6028
0.65,0.4393
0.35,0.0368
0.6,0.5985
0.6,0.5639
0.65,0.395
0.65,0.3864
0.75,0.6747
0.75,0.5489
0.5,0.5471
0.7,0.4933
0.75,0.5292
0.75,0.8268
0.65,0.1039
0.6,0.4855
0.75,0.047
0.65,0.1304
0.6,0.7106
0.75,0.4725
0.65,0.6861
0.7,0.0513
0.8,0.0316
0.6,0.7489
0.6,0.6948
0.55,0.776
0.55,0.6959
0.7,0.0297
0.45,0.9675
0.55,0.9688
0.75,0.1632
0.45,0.9531
0.65,0.9565
0.75,0.2446
0.75,0.3496
0.65,0.272
0.8,0.8577
0.8,0.8571
0.55,0.3398
0.55,0.3117
0.95,0.0733
0.8,0.7947
0.55,0.2549
0.55,0.7978
0.9,0.0533
0.55,0.4913
0.55,0.4448
0.9,0.1465
0.7,0.7956
0.65,0.9457
0.7,0.8473
0.4,0.9226
0.65,0.159
0.55,0.0578
0.6,0.1439
0.6,0.1201
0.4,0.625
0.7,0.1212
0.5,0.6797
0.7,0.0421
0.65,0.2933
0.65,0.539
0.75,0.2024
0.75,0.2835
0.8,0.1046
0.75,0.9048
0.55,0.8182
0.55,0.7511
0.75,0.4094
0.55,0.311
0.8,0.2821
0.75,0.0118
0.6,0.4123
0.6,0.4329
0.7,0.5211
0.65,0.4165
0.7,0.3431
0.7,0.3301
0.65,0.5481
0.85,0.0037
0.65,0.3193
0.65,0.2771
0.65,0.4495
0.55,0.7229
0.55,0.6699
0.6,0.0505
0.7,0.3626
0.55,0.9791
0.5,0.7246
0.6,0.8226
0.55,0.5272
0.55,0.8139
0.55,0.684
0.75,0.3736
0.8,0.1789
0.55,0.9545
0.6,0.1381
0.6,0.6527
0.65,0.7727
0.65,0.7695
0.7,0.3421
0.75,0.6656
0.75,0.4221
0.75,0.5198
0.5,0.1877
0.45,0.2349
0.6,0.4827
0.6,0.5411
0.55,0.1603
0.5,0.8505
0.65,0.2368
0.65,0.8231
0.45,0.8071
0.75,0.6474
0.75,0.1062
0.45,0.7319
0.6,0.2747
0.7,0.0272
0.55,0.3539
0.55,0.2814
0.5,0.8789
0.45,0.6926
0.45,0.7468
0.4,0.5195
0.8,0.1579
0.5,0.7011
0.5,0.3853
0.5,0.3658
0.4,0.1625
0.5,0.6859
0.6,0.2959
0.75,0.619
0.7,0.9172
0.75,0.9855
0.6,0.3971
0.6,0.303
0.45,0.9749
0.55,0.1613
0.75,0.5
0.55,0.6982
0.7,0.2143
0.7,0.7105
0.55,0.3043
0.65,0.013
0.65,0.0779
0.6,0.1385
0.6,0.0855
0.7,0.2242
0.5,0.3094
0.5,0.9701
0.7,0.5408
0.7,0.4791
0.6,0.4226
0.65,0.9549
0.6,0.4703
0.8,0.1429
0.75,0.7154
0.75,0.7554
0.8,0.3385
0.5,0.9145
0.5,0.7998
0.7,0.8498
0.5,0.382
0.5,0.3994
0.7,0.697
0.6,0.46
0.6,0.6374
0.65,0.2662
0.65,0.2186
0.65,0.2211
0.8,0.256
0.75,0.3132
0.7,0.0502
0.4,0.9416
0.4,0.7002
0.4,0.6548
0.65,0.7579
0.45,0.9289
0.45,0.7582
0.55,0.3709
0.4,0.9881
0.4,0.9848
0.65,0.0968
0.7,0.4854
0.55,0.3636
0.55,0.3019
0.5,0.2824
0.45,0.9443
0.7,0.0414
0.7,0.8842
0.7,0.8669
0.6,0.8205
0.5,0.6359
0.5,0.3758
0.35,0.6033
0.45,0.9497
0.4,0.1232
0.4,0.7478
0.4,0.8431
0.55,0.5325
0.55,0.5065
0.6,0.0271
0.6,0.0249
0.45,0.0684
0.25,0.2351
0.45,0.9776
0.4,0.4491
0.4,0.3669
0.3,0.981
0.6,0.7593
0.5,0.1467
0.55,0.9349
0.8,0.3905
0.55,0.4044
0.55,0.5582
0.6,0.5374
0.6,0.844
0.6,0.3655
0.5,0.4843
0.7,0.3885
0.7,0.3647
0.55,0.8123
0.45,0.9783
0.55,0.8494
0.65,0.8736
0.4,0.443
0.4,0.4905
0.35,0.9783
0.55,0.6719
0.55,0.8935
0.55,0.1895
0.65,0.9319
0.65,0.7186
0.65,0.75
0.45,0.7184
0.55,0.6121
0.6,0.9416
0.6,1.0
0.6,0.5484
0.6,0.396
0.5,0.6277
0.35,0.9375
0.55,0.7392
0.55,0.6894
0.45,0.6107
0.4,0.9134
0.25,0.3961
0.6,0.5523
0.45,0.4791
0.55,0.5242
0.45,0.4674
0.55,0.9156
0.8,0.503
0.45,0.7511
0.45,0.6656
0.5,0.2301
0.4,0.0802
0.6,0.1065
0.6,0.2008
0.75,0.1861
0.6,0.6884
0.55,0.1937
0.55,0.1981
0.5,0.3236
0.5,0.2305
0.4,0.1797
0.4,0.1429
0.45,0.6726
0.5,0.6606
0.55,0.8593
0.55,0.8961
0.5,0.5411
0.5,0.4989
0.45,0.3318
0.65,0.8268
0.65,0.8387
0.7,0.3044
0.5,0.6787
0.7,0.1115
0.7,0.0671
0.8,0.7053
0.65,0.7729
0.55,0.0938
0.7,0.1288
0.7,0.0714
0.55,0.8072
0.45,0.0693
0.5,0.1753
0.55,0.2099
0.6,0.5235
0.7,0.0779
0.7,0.0768
0.6,0.6182
0.45,0.1591
0.45,0.1753
0.55,0.1802
0.5,0.6823
0.6,0.4231
0.5,0.6427
0.65,0.6778
0.75,0.2446
0.6,0.8452
0.6,0.7814
0.55,0.8117
0.45,0.822
0.5,0.3701
0.55,0.8718
0.6,0.0736
0.6,0.066
0.75,0.337
0.6,0.9744
0.6,0.0797
0.5,0.5303
0.5,0.4913
0.45,0.7781
0.45,0.7608
0.55,0.2595
0.45,0.7066
0.35,0.1128
0.55,0.2486
0.55,0.4675
0.55,0.0068
0.65,0.2684
0.4,0.6766
0.75,0.674
0.6,0.1725
0.55,0.869
0.55,0.8571
0.55,0.8896
0.55,0.9058
0.65,0.9878
0.6,0.3264
0.45,0.2468
0.45,0.1883
0.4,0.0027
0.65,0.7662
0.45,0.4404
0.3,0.053
0.45,0.5909
0.45,0.6634
0.5,0.7219
0.45,0.369
0.45,0.3258
0.65,0.6802
0.65,0.5671
0.65,0.5541
0.65,0.6805
0.55,0.038
0.6,0.9582
0.6,0.6439
0.6,0.6147
0.8,0.1136
0.8,0.1374
0.8,0.0909
0.6,0.513
0.6,0.2846
0.85,0.0753
0.6,0.5379
0.6,0.5032
0.65,0.25
0.65,0.2089
0.45,0.5781
0.35,0.0361
0.45,0.8315
0.55,0.7351
0.65,0.7181
0.55,0.0811
0.75,0.4232
0.75,0.4026
0.65,0.7633
0.75,0.6686
0.75,0.6996
0.4,0.4286
0.55,0.889
0.5,0.7846
0.75,0.3286
0.65,0.96
0.65,0.9134
0.6,0.3723
0.6,0.4091
0.65,0.8842
0.6,0.3268
0.6,0.2976
0.55,0.3139
0.55,0.3063
0.55,0.421
0.55,0.3084
0.5,0.9286
0.5,0.9881
0.75,0.4477
0.65,0.4394
0.65,0.5422
0.85,0.2198
0.5,0.7942
0.7,0.2259
0.7,0.5846
0.65,0.3842
0.65,0.6485
0.75,0.6526
0.65,0.1967
0.45,0.6688
0.6,0.6623
0.5,0.9545
0.5,0.9307
0.45,0.2078
0.5,0.8918
0.5,0.8344
0.35,0.3896
0.7,0.7383
0.65,0.5974
0.55,0.8809
0.45,0.9892
0.45,0.9719
0.4,0.3857
0.55,0.2803
0.5,0.9372
0.55,0.1868
0.7,0.8535
0.65,0.4839
0.6,0.2526
0.4,0.9633
0.55,0.8451
0.4,0.2392
0.4,0.2208
0.85,0.1575
0.55,0.4351
0.55,0.0136
0.4,0.481
0.45,0.6232
0.45,0.5833
0.45,0.5628
0.35,0.1087
0.4,0.5465
0.4,0.5325
0.7,0.875
0.25,0.7532
0.7,0.6569
0.6,0.978
0.4,0.8913
0.5,0.7148
0.35,0.4324
0.55,0.7022
0.35,0.3578
0.55,0.5
0.55,0.1494
0.55,0.1082
0.55,0.5249
0.55,0.5195
0.4,0.6169
0.45,0.8853
0.4,0.8712
0.4,0.8626
0.55,0.1848
0.3,0.2758
0.65,0.6407
0.3,0.7948
0.4,0.2215
0.45,0.4307
0.45,0.3842
0.45,1.0
0.75,0.707
0.6,0.6725
0.5,0.6154
0.6,0.4835
0.65,0.8813
0.5,0.487
0.65,0.1872
0.65,0.1688
0.75,0.3993
0.55,0.6154
0.6,0.2056
0.6,0.1667
0.55,0.6645
0.55,0.5725
0.6,0.8242
0.5,0.7982
0.45,0.8628
0.7,0.7846
0.7,0.8929
0.45,0.1824
0.4,0.156
0.6,0.6615
0.5,0.3303
0.45,0.6739
0.35,0.3961
0.35,0.3712
0.4,0.9375
0.6,0.6318
0.35,0.0469
0.35,0.6099
0.3,0.3274
0.5,0.5422
0.5,0.5087
0.55,0.8994
0.55,0.8874
0.35,0.9538
0.45,0.7622
0.3,0.2527
0.5,0.6213
0.4,0.3718
0.35,0.519
0.35,0.8736
0.2,0.3872
0.4,0.0156
0.25,0.7201
0.1,0.0516
0.5,0.8745
0.5,0.8755
0.4,0.4957
0.4,0.4881
0.5,0.5768
0.5,0.5563
0.45,0.189
0.55,0.6071
0.55,0.5801
0.55,0.9567
0.5,0.7432
0.3,0.1902
0.45,0.278
0.4,0.7663
0.4,0.7359
0.4,0.71
0.45,0.8601
0.35,0.4103
0.4,0.9026
0.4,0.9069
0.45,0.5
0.35,0.5299
0.55,0.1807
0.55,0.1861
0.55,0.4595
0.35,0.5736
0.35,0.5595
0.35,0.5707
0.35,0.4416
0.3,0.1406
0.45,0.8947
0.4,0.3424
0.3,0.5519
0.35,0.3546
0.25,0.2022
0.35,0.1617
0.55,0.9762
0.55,0.9394
0.5,0.8084
0.5,0.7489
0.3,0.6712
0.5,0.5362
0.6,0.4935
0.65,0.1385
0.55,0.8462
0.45,0.4783
0.45,0.1769
0.3,0.3117
0.55,0.6187
0.8,0.1006
0.35,0.8111
0.55,0.7055
0.65,0.0828
0.5,0.3505
0.45,0.4823
0.5,0.7292
0.45,0.1033
0.5,0.3615
0.5,0.4556
0.55,0.3176
0.4,0.8261
0.25,0.5974
0.2,0.2853
0.65,0.9597
0.65,0.9193
0.55,0.2162
0.6,0.1077
0.45,0.8526
0.25,0.8546
0.7,0.5487
0.7,0.4253
0.35,0.1104
0.55,0.6429
0.55,0.7186
0.5,0.0758
0.5,0.0281
0.35,0.1396
0.35,0.1677
0.55,0.0846
0.6,0.3986
0.55,0.6101
0.55,0.7255
0.4,0.4736
0.6,0.4632
0.3,0.106
0.55,0.8773
0.45,0.6126
0.4,0.6739
0.35,0.2677
0.25,0.3105
0.45,0.6196
0.6,0.4495
0.25,0.3766
0.3,0.9026
0.5,0.9728
0.6,0.6147
0.6,0.6201
0.5,0.978
0.5,0.5844
0.5,0.4426
0.3,0.9928
0.5,0.1991
0.5,0.2056
0.55,0.7031
0.55,0.9408
0.6,0.9578
0.6,0.9383
0.65,0.157
0.4,0.1291
0.55,0.8041
0.55,0.8398
0.4,0.5645
0.25,0.4688
0.4,0.5898
0.4,0.5649
0.55,0.4762
0.55,0.4719
0.55,0.5
0.3,0.9049
0.3,0.7143
0.45,0.6632
0.4,0.9817
0.5,0.0931
0.5,0.1255
0.5,0.8614
0.4,0.1602
0.4,0.1115
0.35,0.7188
0.6,0.7965
0.6,0.8171
0.3,0.083
0.45,0.1552
0.25,1.0
0.4,0.0041
0.5,0.9026
0.45,0.9556
0.45,0.921
0.2,0.9351
0.55,0.337
0.35,0.1875
0.35,0.4355
0.75,0.2011
0.3,0.9035
0.45,0.1342
0.5,0.1889
0.45,0.3314
0.4,0.8484
0.35,0.7848
0.5,0.3723
0.45,0.8312
0.55,0.8701
0.55,0.9102
0.5,0.1516
0.5,0.6443
0.55,0.556
0.5,0.2812
0.3,0.2812
0.2,0.0563
0.2,0.0725
0.55,0.4032
0.4,0.0903
0.45,0.4679
0.25,0.013
0.35,0.3722
0.45,0.0507
0.3,0.6824
0.3,0.0217
0.45,0.2922
0.4,0.237
0.4,0.2403
0.35,0.1211
0.65,0.2825
0.65,0.3539
0.35,0.6073
0.55,0.8429
0.55,0.978
0.45,0.349
0.5,0.3604
0.5,0.4058
0.45,0.7322
0.4,0.7473
0.45,0.3286
0.25,0.9144
0.3,0.6753
0.35,0.0571
0.5,0.2024
0.35,0.3394
0.5,0.9451
0.45,0.7971
0.45,0.8341
0.7,0.75
0.45,0.9048
0.45,0.9545
0.6,0.6931
0.7,0.4911
0.55,0.7653
0.6,0.9396
0.5,0.2081
0.6,0.3519
0.5,1.0
0.5,0.9816
0.45,0.5014
0.5,0.5275
0.35,0.4389
0.3,0.3813
0.5,0.8972
0.5,0.9113
0.45,0.9731
0.5,0.9088
0.6,0.5639
0.6,0.5097
0.55,0.7421
0.6,0.7258
0.6,0.3543
0.45,0.8322
0.55,0.9654
0.55,0.9318
0.55,0.9385
0.7,0.342
0.55,0.5611
0.6,0.0947
0.55,0.6006
0.55,0.5833
0.65,0.8661
0.55,0.7825
0.55,0.631
0.55,0.329
0.55,0.3203
0.65,0.4957
0.45,0.4693
0.45,0.6288
0.45,0.5152
0.4,0.1558
0.4,0.0844
0.5,0.3063
0.5,0.3041
0.5,0.8868
0.5,0.8302
0.3,0.0299
0.5,0.8051
0.4,0.9865
0.45,0.6623
0.45,0.8279
0.4,0.1169
0.4,0.6168
0.55,0.4008
0.55,0.6143
0.3,0.1671
0.65,0.0537
0.4,0.3478
0.55,0.837
0.5,0.6396
0.5,0.6017
0.7,0.5385
0.55,0.5842
0.35,0.1266
0.35,0.2045
0.6,0.8203
0.6,0.8496
0.5,0.5617
0.5,0.6223
0.6,0.855
0.6,0.9156
0.65,0.9429
0.5,0.0217
0.7,0.1077
0.6,0.0473
0.5,0.2432
0.6,0.0042
0.55,0.6396
0.65,0.0541
0.65,0.0509
0.55,0.8969
0.55,0.1834
0.65,0.2852
0.65,0.0411
0.65,0.026
0.55,0.5866
0.6,0.7089
0.6,0.6742
0.5,0.1418
0.5,0.0985
0.6,0.684
0.6,0.5963
0.35,0.4864
0.5,0.4621
0.5,0.4589
0.55,0.658
0.55,0.6753
0.5,0.3018
0.3,0.3573
0.55,0.9484
0.75,0.0879
0.5,0.8664
0.45,0.6399
0.6,0.1549
0.55,0.7514
0.6,0.8279
0.6,0.895
0.45,0.7834
0.55,0.7944
0.55,0.8139
0.65,0.7714
0.5,0.4239
0.65,0.7584
0.55,0.6916
0.55,0.7197
0.55,0.4859
0.55,0.3885
0.65,0.0357
0.65,0.1147
0.65,0.0022
0.65,0.0097
0.5,0.7751
0.45,0.2996
0.65,0.2092
0.5,0.7554
0.4,0.3377
0.4,0.3182
0.6,1.0
0.55,1.0
0.75,0.6331
0.6,0.3211
0.5,0.2934
0.7,0.8956
0.6,0.8263
0.5,0.3964
0.55,0.3312
0.4,0.9552
0.5,0.8655
0.65,0.9524
0.65,0.9933
0.55,0.4477
0.6,0.1698
0.6,0.6818
0.6,0.3247
0.6,0.2781
0.55,0.3845
0.6,0.4203
0.5,0.6688
0.5,0.7089
0.45,0.3929
0.45,0.3474
0.55,0.3515
0.5,0.3981
0.5,0.5356
0.6,0.2174
0.7,0.8648
0.6,0.1345
0.55,0.6158
0.55,0.4957
0.6,0.6591
0.6,0.5855
0.5,0.3799
0.5,0.4015
0.75,0.0586
0.65,0.5666
0.6,0.1925
0.6,0.8463
0.7,0.1535
0.6,0.2965
0.65,0.431
0.75,0.2381
0.55,0.6793
0.5,0.6467
0.55,0.6711
0.55,0.4145
0.55,0.3874
0.6,0.7338
0.6,0.6418
0.5,0.1818
0.55,0.4529
0.45,0.9531
0.55,0.4686
0.55,0.513
0.55,0.0952
0.55,0.1385
0.7,0.5946
0.8,0.8462
0.9,0.0183
0.7,0.7789
0.75,0.4799
0.55,0.2332
0.5,0.2344
0.5,0.6906
0.55,0.8514
0.65,0.1031
0.7,0.9632
0.5,0.5112
0.55,0.5942
0.45,0.4484
0.5,0.5216
0.5,0.6591
0.75,0.2601
0.6,0.529
0.45,0.1959
0.45,0.2522
0.4,0.8899
0.55,0.7568
0.35,0.3438
0.55,0.8465
0.6,0.5163
0.35,0.3899
0.5,0.4771
0.6,0.6968
0.6,0.5628
0.6,0.4481
0.5,0.5541
0.4,0.2935
0.5,0.7799
0.55,0.6264
0.3,0.3853
0.25,0.9946
0.55,0.2012
0.45,0.1813
0.5,0.4048
0.5,0.2727
0.6,0.444
0.35,0.4219
0.4,0.8297
0.5,0.6236
0.5,0.8769
0.35,0.5343
0.4,0.0866
0.6,0.1632
0.3,0.0144
0.55,0.8993
0.35,0.0519
0.55,0.6345
0.6,0.7238
0.75,0.2148
0.6,0.3553
0.4,0.3341
0.7,0.026
0.7,0.1623
0.5,0.8047
0.45,0.7706
0.6,0.2637
0.6,0.9643
0.6,0.9632
0.6,0.8792
0.7,0.4798
0.55,0.0177
0.45,0.9582
0.55,0.7648
0.55,0.4416
0.55,0.4232
0.55,0.5562
0.55,0.2971
0.5,0.8831
0.5,0.9199
0.45,0.5924
0.5,0.9044
0.35,0.712
0.45,0.7641
0.45,0.842
0.55,0.4513
0.3,0.5022
0.3,0.4177
0.55,0.9498
0.55,0.2758
0.65,0.224
0.65,0.2392
0.25,0.3492
0.45,0.7609
0.45,0.7188
0.55,0.6158
0.6,0.0549
0.5,0.9597
0.4,0.0791
0.4,0.6535
0.3,0.4647
0.4,0.3891
0.55,0.843
0.45,0.5776
0.55,0.6457
0.45,0.9957
0.45,0.9708
0.25,0.0394
0.3,0.2969
0.55,0.9848
0.55,0.9513
0.4,0.711
0.4,0.737
0.5,0.7922
0.45,0.5444
0.55,0.6861
0.45,0.7934
0.4,0.296
0.45,0.3927
0.4,0.9864
0.4,0.1715
0.35,0.0761
0.65,0.6007
0.7,0.9076
0.45,0.6602
0.45,0.6082
0.55,0.5484
0.25,0.25
0.55,0.1824
0.45,0.2405
0.35,0.784
0.6,0.722
0.4,0.6104
0.3,0.5217
0.5,0.8182
0.4,0.947
0.5,0.5202
0.65,0.604
0.65,0.8714
0.65,0.5238
0.55,0.7209
0.45,0.1651
0.5,0.9054
0.25,0.2656
0.4,0.6245
0.4,0.2582
0.45,0.7545
0.6,0.71
0.6,0.7165
0.5,0.4199
0.5,0.4405
0.4,0.2844
0.5,0.4978
0.6,0.4184
0.5,0.4709
0.5,0.9091
0.55,0.3802
0.65,0.5909
0.4,0.0542
0.6,0.9719
0.8,0.1659
0.6,0.1479
0.8,0.7456
0.6,0.8117
0.55,0.8912
0.8,0.1423
0.45,0.6277
0.45,0.5747
0.5,0.8874
0.5,0.7792
0.45,0.8074
0.45,0.8366
0.5,0.4574
0.55,0.417
0.6,0.4567
0.6,0.5206
0.75,0.2319
0.7,0.3406
0.35,0.3533
0.5,0.6452
0.55,0.7143
0.65,0.651
0.45,0.8954
0.5,0.4024
0.45,0.119
0.45,0.131
0.25,0.197
0.55,0.3466
0.6,0.0433
0.4,0.5448
0.55,0.0921
0.55,0.0178
0.65,0.4011
0.55,0.9158
0.5,0.3261
0.35,0.2799
0.55,0.3004
0.5,0.3301
0.5,0.2597
0.65,0.6725
0.4,0.0682
0.4,0.0184
0.5,0.4615
0.35,0.2
0.5,0.0135
0.75,0.6648
0.65,0.1004
0.6,0.9308
0.55,0.8429
0.5,0.1159
0.45,0.0498
0.35,0.9796
0.4,0.7527
0.5,0.5552
0.5,0.5779
0.55,0.7714
0.65,0.2105
0.7,0.3378
0.55,0.163
0.55,0.2706
0.55,0.3377
0.55,0.132
0.55,0.2608
0.65,0.7813
0.6,0.3116
0.55,0.8057
0.35,0.4334
0.5,0.5087
0.5,0.5314
0.65,0.435
0.65,0.4469
0.5,0.4796
0.55,0.4493
0.65,0.6653
0.75,0.9267
0.4,0.4448
0.4,0.5022
0.7,0.3853
0.7,0.4737
0.55,0.7516
0.65,0.278
0.6,0.5473
0.55,0.2781
0.55,0.2868
0.6,0.6081
0.6,0.4708
0.6,0.6569
0.55,0.6634
0.55,0.5823
0.55,0.7982
0.5,0.3557
0.75,0.5455
0.65,0.8225
0.65,0.8745
0.6,0.9058
0.6,0.636
0.6,0.7684
0.6,0.7132
0.8,0.2845
0.7,0.1104
0.7,0.1872
0.55,0.5965
0.45,0.0065
0.75,0.2161
0.65,0.0195
0.65,0.0022
0.65,0.6516
0.45,0.2174
0.65,0.3356
0.6,0.5857
0.45,0.8267
0.6,0.6286
0.65,0.4069
0.6,0.8139
0.6,0.2673
0.6,0.2684
0.6,0.4037
0.6,0.724
0.6,0.6872
0.65,0.311
0.75,0.7396
0.55,0.8149
0.55,0.7652
0.55,0.583
0.5,0.158
0.5,0.1342
0.4,0.974
0.4,0.9794
0.45,0.1743
0.6,0.1946
0.55,0.3394
0.65,0.0509
0.65,0.0974
0.65,0.6989
0.55,0.0942
0.5,0.722
0.5,0.7814
0.5,0.7121
0.55,0.8983
0.55,0.9416
0.55,0.2284
0.55,0.2511
0.5,0.1277
0.55,0.0108
0.55,0.0054
0.65,0.1722
0.55,0.5761
0.55,0.5032
0.55,0.6937
0.45,0.7378
0.6,0.6751
0.65,0.9842
0.6,0.5149
0.6,0.5426
0.4,0.6481
0.35,0.3954
0.6,0.8615
0.6,0.0947
0.5,0.1486
0.45,0.0209
0.35,0.1211
0.6,0.356
0.6,0.2636
0.65,0.1158
0.65,0.0476
0.6,0.7121
0.6,0.7067
0.45,0.8063
0.45,0.7565
0.75,0.2125
0.45,0.9327
0.65,0.4221
0.65,0.382
0.7,0.1935
0.45,0.1926
0.55,0.2929
0.45,0.0253
0.5,0.4968
0.5,0.4264
0.7,0.5976
0.4,0.1407
0.4,0.1245
0.6,0.2838
0.45,0.7121
0.4,0.3571
0.55,0.3057
0.55,0.4404
0.45,0.7969
0.25,0.0951
0.45,0.4945
0.5,0.7894
0.5,0.9
0.6,0.5054
0.6,0.4924
0.55,0.6987
0.65,0.9247
0.4,0.9348
0.55,0.118
0.55,0.1158
0.7,0.2316
0.7,0.2381
0.65,0.9773
0.65,0.9762
0.65,0.2711
0.55,0.2976
0.7,0.0855
0.7,0.0693
0.7,0.322
0.5,0.9891
0.5,0.2717
0.6,0.9692
0.65,0.1039
0.55,0.9156
0.55,0.9773
0.55,0.1242
0.6,0.6174
0.7,0.5168
0.65,0.3658
0.65,0.4037
0.7,0.0952
0.5,0.1549
0.4,0.0952
0.5,0.0072
0.5,0.3389
0.55,0.4318
0.55,0.4708
0.6,0.3474
0.6,0.3939
0.55,0.145
0.55,0.1331
0.55,0.7448
0.5,0.9747
0.55,0.4973
0.45,0.0856
0.7,0.0866
0.7,0.1223
0.6,0.8571
0.6,0.9253
0.55,0.344
0.5,0.7922
0.65,0.7536
0.65,0.2067
0.65,0.2587
0.65,0.473
0.5,0.7706
0.5,0.724
0.7,0.2381
0.7,0.1699
0.6,0.9908
0.6,0.5381
0.6,0.2092
0.65,0.3893
0.5,0.4351
0.6,0.2522
0.6,0.1829
0.7,0.9928
0.65,0.8242
0.8,0.2454
0.85,0.5684
0.55,0.8879
0.55,0.3946
0.55,0.974
0.5,0.3791
0.5,0.3831
0.6,0.0084
0.6,0.1019
0.6,0.3171
0.6,0.303
0.45,0.3177
0.6,0.1677
0.6,0.1721
0.45,0.8342
0.55,0.8429
0.6,0.6617
0.6,0.9859
0.6,0.961
0.5,0.9231
0.5,0.9355
0.4,0.5
0.4,0.5011
0.6,0.4824
0.7,0.1044
0.5,0.5638
0.4,0.1093
0.4,0.1807
0.45,0.3182
0.35,0.1875
0.4,0.4459
0.6,0.7835
0.6,0.7976
0.5,0.7489
0.35,0.2143
0.35,0.2294
0.6,0.3624
0.45,0.4188
0.45,0.3831
0.4,0.491
0.4,0.13
0.55,0.8737
0.35,0.7468
0.6,0.4017
0.4,0.7286
0.6,0.4565
0.55,0.0781
0.65,0.8059
0.5,0.9459
0.45,0.6868
0.35,0.0642
0.5,0.9286
0.4,0.6188
0.5,0.5374
0.55,0.1753
0.55,0.2338
0.5,0.7985
0.55,0.4368
0.65,0.5983
0.65,0.7782
0.45,0.6829
0.45,0.605
0.65,0.9105
0.5,0.9177
0.55,0.8107
0.65,0.6239
0.35,0.587
0.35,0.216
0.4,0.6233
0.55,0.7364
0.4,0.935
0.45,0.4899
0.4,0.1264
0.4,0.5415
0.6,0.9946
0.6,0.9827
0.55,0.3333
0.55,0.3626
0.6,0.639
0.45,0.678
0.7,0.4714
0.4,0.0584
0.65,0.8009
0.6,0.6812
0.55,0.7987
0.65,0.3684
0.75,0.1548
0.7,0.2215
0.6,0.4211
0.65,0.2536
0.65,0.5188
0.7,0.6374
0.6,0.3136
0.45,0.8247
0.6,0.9703
0.65,0.3831
0.55,0.2469
0.55,0.8179
0.5,0.2088
0.45,0.8967
0.55,0.4535
0.55,0.5509
0.4,0.5173
0.4,0.6991
0.5,0.019
0.6,0.3755
0.6,0.3983
0.45,0.3874
0.45,0.3745
0.55,0.8604
0.35,0.2027
0.65,0.7186
0.5,0.5632
0.55,0.8485
0.85,0.1429
0.45,0.2459
0.5,0.5198
0.5,0.3431
0.45,0.3095
0.45,0.4535
0.6,0.1143
0.6,0.1764
0.6,0.1569
0.5,0.8182
0.35,0.1372
0.4,0.9507
0.45,0.7662
0.4,0.4117
0.35,0.0367
0.25,0.0974
0.45,0.5474
0.35,0.6848
0.2,0.0489
0.4,0.125
0.4,0.5855
0.4,0.6407
0.35,0.5595
0.35,0.5271
0.4,0.0326
0.35,0.4049
0.4,0.2921
0.35,0.9198
0.45,0.9212
0.55,0.2604
0.7,0.5369
0.5,0.3323
0.5,0.4351
0.5,0.8448
0.25,0.6087
0.45,0.3474
0.5,0.0503
0.3,0.2269
0.45,0.5011
0.45,0.5379
0.4,0.9823
0.4,0.8981
0.5,0.6255
0.5,0.8301
0.35,0.3646
0.4,0.9675
0.3,0.5884
0.3,0.6943
0.4,0.2202
0.45,0.6028
0.45,0.6061
0.4,0.8386
0.4,0.632
0.4,0.6494
0.3,0.7704
0.45,0.9481
0.45,0.974
0.25,0.3502
0.35,0.3594
0.45,0.7432
0.5,0.5043
0.5,0.4968
0.35,0.5516
0.35,0.026
0.35,0.9856
0.3,0.8152
0.3,0.5136
0.35,0.0844
0.35,0.0253
0.45,0.1522
0.4,0.0826
0.45,0.1147
0.45,0.2652
0.3,0.7405
0.2,0.091
0.35,0.2989
0.5,0.8668
0.6,0.8895
0.4,0.9513
0.4,0.987
0.6,0.852
0.6,0.2556
0.55,0.5872
0.5,0.0552
0.5,0.0346
0.45,0.9083
0.4,0.1943
0.35,0.3764
0.4,0.0505
0.6,0.1088
0.5,0.6318
0.65,0.0693
0.65,0.1212
0.5,0.574
0.6,0.0126
0.55,0.5379
0.8,0.3598
0.5,0.697
0.65,0.4105
0.55,0.2641
0.55,0.3214
0.55,0.8649
0.55,0.509
0.45,0.2703
0.45,0.487
0.45,0.474
0.65,0.2571
0.45,0.4332
0.6,0.2842
0.45,0.6757
0.65,0.2973
0.65,0.4059
0.75,0.6447
0.45,0.8709
0.5,0.6644
0.6,0.364
0.5,0.3593
0.5,0.3193
0.55,0.5941
0.35,0.8492
0.4,0.9156
0.35,0.5099
0.5,0.2857
0.5,0.2565
0.4,0.8807
0.55,0.6093
0.55,0.5606
0.45,0.2684
0.45,0.2359
0.3,0.7309
0.5,0.131
0.5,0.25
0.7,0.0368
0.45,0.4851
0.45,0.4677
0.5,0.9402
0.45,0.6019
0.55,0.1484
0.5,0.4728
0.5,0.5574
0.5,0.6613
0.4,0.0707
0.5,0.5217
0.45,0.5063
0.55,0.9372
0.55,0.9448
0.5,0.2661
0.5,0.7391
0.6,0.1739
0.3,0.0909
0.6,0.6502
0.45,0.5992
0.35,0.8784
0.35,0.0584
0.45,0.2976
0.45,0.2803
0.55,0.9348
0.4,0.7922
0.2,0.0625
0.3,0.6558
0.55,0.7451
0.65,0.4103
0.45,0.5785
0.45,0.0996
0.45,0.2175
0.35,0.1372
0.35,0.1
0.45,0.4268
0.25,0.1094
0.55,0.9606
0.5,0.1168
0.4,0.8478
0.5,0.1377
0.55,0.9199
0.55,0.8983
0.35,0.5082
0.4,1.0
0.7,0.0167
0.7,0.7656
0.6,0.394
0.6,0.0942
0.6,0.2348
0.6,0.1959
0.45,0.6548
0.45,0.7024
0.5,0.8003
0.55,0.6613
0.55,0.5238
0.3,0.2418
0.5,0.1656
0.5,0.2738
0.45,0.9324
0.6,0.5498
0.6,0.4048
0.6,0.5275
0.55,0.7568
0.5,0.1141
0.4,0.6562
0.55,0.2814
0.55,0.2489
0.55,0.7035
0.55,0.658
0.55,0.2367
0.35,0.8636
0.3,0.4619
0.5,0.4895
0.55,0.3288
0.5,0.9185
0.65,0.7785
0.6,0.1245
0.6,0.105
0.55,0.4484
0.4,0.6494
0.4,0.5736
0.65,0.1187
0.5,0.7251
0.5,0.6526
0.6,0.6484
0.65,0.3044
0.35,0.8409
0.35,0.8052
0.35,0.0195
0.5,0.8628
0.45,0.6721
0.45,0.6483
0.4,0.0939
0.6,0.3789
0.45,0.7976
0.4,0.1011
0.4,0.5815
0.4,0.0722
0.6,0.3203
0.6,0.4102
0.45,0.6948
0.45,0.6364
0.6,0.2485
0.7,0.6342
0.7,0.5455
0.55,0.2077
0.25,0.9715
0.5,0.9816
0.5,0.9892
0.15,0.1359
0.45,0.9986
0.3,0.8312
0.3,0.5693
0.3,0.8442
0.4,0.4026
0.5,0.0476
0.45,0.389
0.25,0.3139
0.25,0.2816
0.35,0.211
0.4,0.7004
0.3,0.1712
0.3,0.1408
0.4,0.6685
0.45,0.8961
0.65,0.5678
0.55,0.1758
0.5,0.5725
0.5,0.6039
0.45,0.0887
0.45,0.1017
0.6,0.8251
0.35,0.6582
0.45,0.1193
0.45,0.0095
0.4,0.0285
0.25,0.1039
0.4,0.3261
0.55,0.122
0.45,0.7677
0.3,0.1685
0.45,0.7242
0.6,0.4545
0.6,0.46
0.5,0.8506
0.45,0.5714
0.35,0.8632
0.3,0.0325
0.3,0.0541
